Curation,Variable ID,Variable name,Variable synonyms,Context of use,Growth stage,Variable status,Variable Xref,Institution,Scientist,Date,Language,Crop,Trait ID,Trait name,Trait class,Trait description,Trait synonyms,Main trait abbreviation,Alternative trait abbreviations,Entity,Attribute,Trait status,Trait Xref,Method ID,Method name,Method class,Method description,Formula,Method reference,Scale ID,Scale name,Scale class,Decimal places,Lower limit,Upper limit,Scale Xref,Category 1,Category 2,Category 3,Category 4,Category 5,Category 6,Category 7,Category 8,Category 9,Category 10
,CO_350:0000155,BYDVinc_E_g,,Characterization in pedigree nurseries and evaluation in trials,Pre-harvest,,,Oat Global,,,EN,Oat,CO_350:0000081,Barley yellow dwarf virus incidence,Biotic stress trait,Percentage of plants in a plot showing symptoms of barley yellow dwarf virus.,,BYDV incidence,,Plant,Barley yellow dwarf virus incidence,,,CO_350:0000082,Disease incidence observation,Estimation,Visual assessment of the percentage of plants in a plot showing symptoms of a specific disease.,,,CO_350:0000011,percent,Numerical,2,0,100,,,,,,,,,,,
,CO_350:0000156,BeGlCnt_C_%,,Evaluation in trials,Post-harvest,,,Oat Global,,,EN,Oat,CO_350:0000036,Beta-glucan content,Biochemical trait,Amount of beta-glucan present in the groat expressed as a percentage of the entire groat.,,,,Groat,Beta-glucan content,,,CO_350:0000037,Beta-glucan content determination,Computation,,,,CO_350:0000011,percent,Numerical,2,0,100,,,,,,,,,,,
,CO_350:0000157,BrGrt_Ct_%,,Characterization in pedigree nurseries,Post-harvest,,,Oat Global,,,EN,Oat,CO_350:0000039,Broken groats,Quality trait,"The amount of broken groats after de-hulling, expressed as a percentage of the weight of the entire whole grain sample.",,,,Groat,Broken,,,CO_350:0000040,Broken groats determination,Counting,,,,CO_350:0000011,percent,Numerical,2,0,100,,,,,,,,,,,
,CO_350:0000158,DietFibCnt_C_%,,Evaluation in trials,Post-harvest,,,Oat Global,,,EN,Oat,CO_350:0000042,Dietary fiber content,Biochemical trait,Dietary fiber content,,,,Groat,Dietary fiber content,,,CO_350:0000043,Dietary fiber content determination,Computation,Measured on a dry weight basis using wet chemistry.,,,CO_350:0000011,percent,Numerical,2,0,100,,,,,,,,,,,
,CO_350:0000159,FusHBInc_E_%,,Characterization in pedigree nurseries and evaluation in trials,Pre-harvest,,,Oat Global,,,EN,Oat,CO_350:0000093,Fusarium head blight incidence,Biotic stress trait,Percentage of plants in a plot showing Fusarium head blight symptoms.,,FHB incidence,,Plant,Fusarium head blight incidence,,,CO_350:0000094,Disease incidence observation,Estimation,Visual assessment of the percentage of plants in a plot showing symptoms of a specific disease.,,,CO_350:0000011,percent,Numerical,2,0,100,,,,,,,,,,,
,CO_350:0000160,GrPlum_E_%,,Characterization in pedigree nurseries and evaluation in trials,Post-harvest,,,Oat Global,,,EN,Oat,CO_350:0000066,Grain plumpness,Morphological trait,"The amount of a grain sample that does not pass through the holes of a sieve of defined size, expressed as a percentage weight of the entire sample.",,,,Grain,Plumpness,,,CO_350:0000067,Plump grain determination,Estimation,,,,CO_350:0000011,percent,Numerical,2,0,100,,,,,,,,,,,
,CO_350:0000161,GrPtnCnt_C_%,,Evaluation in trials,Post-harvest,,,Oat Global,,,EN,Oat,CO_350:0000048,Grain protein content,Biochemical trait,"The amount of protein in the grain, expressed as a percentage of the whole grain.",,,,Grain,Protein content,,,CO_350:0000049,Grain protein content determination,Computation,,,,CO_350:0000011,percent,Numerical,2,0,100,,,,,,,,,,,
,CO_350:0000162,GrtCnt_M_%,,Evaluation in trials,Post-harvest,,,Oat Global,,,EN,Oat,CO_350:0000009,Groat content,Agronomic trait,Groat content,,,,Groat,Content,,,CO_350:0000010,Groat content determination,Computation,"Calculated as the weight of the groat divided by the weight of the whole grain, multiplied by 100. Kernels are typically dehulled using a Codema oat dehuller, which processes a 50 gram sample.",,,CO_350:0000011,percent,Numerical,2,0,100,,,,,,,,,,,
,CO_350:0000163,GrtOilCnt_C_%,,Evaluation in trials,Post-harvest,,,Oat Global,,,EN,Oat,CO_350:0000051,Groat oil content,Biochemical trait,"The amount of oil in the groat, expressed as a percentage of the groat.",,,,Groat,Oil content,,,CO_350:0000052,Groat oil content determination,Computation,,,,CO_350:0000011,percent,Numerical,2,0,100,,,,,,,,,,,
,CO_350:0000164,GrtPtnCnt_C_%,,Evaluation in trials,Post-harvest,,,Oat Global,,,EN,Oat,CO_350:0000054,Groat protein content,Biochemical trait,"The amount of protein in the groat, expressed as a percentage of the groat.",,,,Groat,Protein content,,,CO_350:0000055,Groat protein content determination,Computation,,,,CO_350:0000011,percent,Numerical,2,0,100,,,,,,,,,,,
,CO_350:0000165,Lodg_E_%,,Evaluation in trials,Pre-harvest,,,Oat Global,,,EN,Oat,CO_350:0000015,Lodging incidence,Abiotic stress trait,"Measure of the percentage of the stems of plants in a plot that have been permanently bent, usually as a result of adverse weather.",,,,Plant,Lodging incidence,,,CO_350:0000016,Lodging incidence observation,Estimation,Visual assessement of the percentage of plants that lodged in a plot.,,,CO_350:0000011,percent,Numerical,2,0,100,,,,,,,,,,,
,CO_350:0000166,Pwinc_E_%,,Characterization in pedigree nurseries and evaluation in trials,Pre-harvest,,,Oat Global,,,EN,Oat,CO_350:0000099,Powdery mildew incidence,Biotic stress trait,Percentage of plants in a plot showing symptoms of powdery mildew.,,,,Plant,Powdery mildew incidence,,,CO_350:0000100,Disease incidence observation,Estimation,Visual assessment of the percentage of plants in a plot showing symptoms of a specific disease.,,,CO_350:0000011,percent,Numerical,2,0,100,,,,,,,,,,,
,CO_350:0000167,RRInc_E_%,,Characterization in pedigree nurseries and evaluation in trials,Pre-harvest,,,Oat Global,,,EN,Oat,CO_350:0000102,Root rot incidence,Biotic stress trait,Percentage of plants in a plot showing symptoms of root rot.,,,,Root,Root rot incidence,,,CO_350:0000103,Disease incidence observation,Estimation,Visual assessment of the percentage of plants in a plot showing symptoms of a specific disease.,,,CO_350:0000011,percent,Numerical,2,0,100,,,,,,,,,,,
,CO_350:0000168,SmutInc_E_%,,Characterization in pedigree nurseries and evaluation in trials,Pre-harvest,,,Oat Global,,,EN,Oat,CO_350:0000105,Smut incidence,Biotic stress trait,Percentage of plants in a plot showing symptoms of smut.,,,,Plant,Smut incidence,,,CO_350:0000106,Disease incidence observation,Estimation,Visual assessment of the percentage of plants in a plot showing symptoms of a specific disease.,,,CO_350:0000011,percent,Numerical,2,0,100,,,,,,,,,,,
,CO_350:0000169,Srinc_E_%,,Characterization in pedigree nurseries and evaluation in trials,Pre-harvest,,,Oat Global,,,EN,Oat,CO_350:0000108,Stem rust incidence,Biotic stress trait,Percentage of plants in a plot showing symptoms of stem rust.,,,,Stem,Stem rust incidence,,,CO_350:0000109,Disease incidence observation,Estimation,Visual assessment of the percentage of plants in a plot showing symptoms of a specific disease.,,,CO_350:0000011,percent,Numerical,2,0,100,,,,,,,,,,,
,CO_350:0000170,WS_E_%,,Evaluation in trials,In the spring,,,Oat Global,,,EN,Oat,CO_350:0000030,Winter survival,Abiotic stress trait,Percentage of plants in a plot sown in fall that are still growing in spring.,,,,Plant,Winter survival,,,CO_350:0000031,Winter survival observation,Estimation,Visual assessement of the percentage of living plants in a plot.,,,CO_350:0000011,percent,Numerical,2,0,100,,,,,,,,,,,
,CO_350:0000171,LodgSev_E_0-5_scale,,Evaluation in trials,Pre-harvest,,,Oat Global,,,EN,Oat,CO_350:0000117,Lodging severity,Abiotic stress trait,Severity of lodging symptoms observed in a plot: lodged plants do not stand erect.,,,,Plant,Lodging severity,,,CO_350:0000118,Lodging severity obervation,Estimation,Visual assessment of the severity of lodging observed in a plot.,,,CO_350:00000120,0-5 lodging severity scale,Categorical,,,,,,,,,,,,,,
,CO_350:0000172,BYDVsev_E_0-9_scale,,Characterization in pedigree nurseries and evaluation in trials,Pre-harvest,,,Oat Global,,,EN,Oat,CO_350:0000084,Barley yellow dwarf virus severity,Biotic stress trait,Severity of barley yellow dwarf virus symptoms observed in a plot.,,BYDV severity,,Plant,Barley yellow dwarf virus severity,,,CO_350:0000085,Disease severity observation,Estimation,Visual assessment of the severity of disease symptoms observed in a plot.,,,CO_350:0000086,0-9 disease severity scale,Categorical,,,,,,,,,,,,,,
,CO_350:0000173,Crsev_E_0-9_scale,,Characterization in pedigree nurseries and evaluation in trials,Pre-harvest,,,Oat Global,,,EN,Oat,CO_350:0000090,Crown rust severity,Biotic stress trait,Crown rust severity.,,CrnRst,,Leaf,Crown rust severity,,,CO_350:0000091,Disease severity observation,Estimation,Visual assessment of the severity of disease symptoms observed in a plot.,,,CO_350:0000086,0-9 disease severity scale,Categorical,,,,,,,,,,,,,,
,CO_350:0000174,Lbsev_E_0-9_sevscale,,Characterization in pedigree nurseries and evaluation in trials,Pre-harvest,,,Oat Global,,,EN,Oat,CO_350:0000096,Leaf blotch severity,Biotic stress trait,Severity of leaf blotch symptoms observed in a plot.,,,,Leaf,Leaf blotch severity,,,CO_350:0000097,Disease severity observation,Estimation,Visual assessment of the severity of disease symptoms observed in a plot.,,,CO_350:0000098,0-9 disease severity scale,Categorical,,,,,,,,,,,,,,
,CO_350:0000175,LodgSev_E_0-9_scale,,Evaluation in trials,Pre-harvest,,,Oat Global,,,EN,Oat,CO_350:0000117,Lodging severity,Abiotic stress trait,Severity of lodging symptoms observed in a plot: lodged plants do not stand erect.,,,,Plant,Lodging severity,,,CO_350:0000118,Lodging severity obervation,Estimation,Visual assessment of the severity of lodging observed in a plot.,,,CO_350:0000119,0-9 lodging severity scale,Categorical,,,,,,,,,,,,,,
,CO_350:0000178,PlntPhnAcc_E_1_to_9,,Evaluation in trials,From GS11,,,GlobalTrials.network,,,EN,Oat,CO_350:0000176,Plant phenotypic acceptability,Agronomic trait,The plant phenotypic acceptability.,,PlntPhnAcc,,Plant,Phenotypic acceptability,,,CO_350:0000177,Plant phenotypic acceptability estimation,Estimation,Estimate the plant phenotypic acceptability.,,,CO_350:0000142,1 to 9,Ordinal,0,,,,,,,,,,,,,
,CO_350:0000181,PlntVig_E_1_to_9,,Evaluation in trials,From GS11,,,GlobalTrials.network,,,EN,Oat,CO_350:0000179,Vigor,Agronomic trait,The plant vigor.,,PlntVig,,Plant,Vigor,,,CO_350:0000180,Vigor estimation,Estimation,Estimate the plot vigour.,,,CO_350:0000142,1 to 9,Ordinal,0,,,,,,,,,,,,,
,CO_350:0000182,Break_E_1-10_incidence,,Evaluation in trials,Pre-harvest,,,Oat Global,,,EN,Oat,CO_350:0000003,Breakage incidence,Abiotic stress trait,Proportion of the stems in a plot that are snapped/broken.,,,,Broken stem,incidence,,,CO_350:0000004,Breakage incidence observation,Estimation,Rating based on the proportion of stems in a plot that are broken/snapped.,,,CO_350:0000005,1-10 breakage incidence scale,Categorical,,,,,,,,,,,,,,
,CO_350:0000183,GrCol_E_1-10_colscale,,Characterization in pedigree nurseries,Post-harvest,,,Oat Global,,,EN,Oat,CO_350:0000069,Grain color,Morphological trait,Color of the hulled grain.,,,,Grain,Color,,,CO_350:0000070,Grain color observation,Estimation,Visual assessment of the color of the grain.,,,CO_350:0000071,1-10 grain color scale,Categorical,,,,,,,,,,,,,,
,CO_350:0000184,GrtCol_E_1-4_colscale,,Characterization in pedigree nurseries,Post-harvest,,,Oat Global,,,EN,Oat,CO_350:0000072,Groat color,Morphological trait,Color of the de-hulled grain: the groat.,,,,Groat,Color,,,CO_350:0000073,Groat color observation,Estimation,Visual assessement of the color of the groat.,,,CO_350:0000074,1-4 groat color scale,Categorical,,,,,,,,,,,,,,
,CO_350:0000185,AgrSc_C_1-5_scale,,Evaluation in trials,Pre-harvest,,,Oat Global,,,EN,Oat,CO_350:0000000,Agronomic score,Agronomic trait,Rating of overall agronomical attributes and health of oat plants in a plot.,,,,Plant,agronomic score,,,CO_350:0000001,Agronomic scoring,Computation,Scored based on observance of factors limiting yield.,,,CO_350:0000002,1-5 agronomic score scale,Categorical,,,,,,,,,,,,,,
,CO_350:0000186,Srsev_E_1-5_sevscale,,Characterization in pedigree nurseries and evaluation in trials,Pre-harvest,,,Oat Global,,,EN,Oat,CO_350:0000114,Stem rust severity,Biotic stress trait,Stem rust severity.,,StmRst,,Stem,Stem rust severity,,,CO_350:0000115,Disease severity observation,Estimation,Visual assessment of the severity of disease symptoms observed in a plot.,,,CO_350:0000116,1-5 disease severity scale,Categorical,,,,,,,,,,,,,,
,CO_350:0000189,AcdTol__E_1-5_Tolerance_scale,,Evaluation in trials,At the event,,,GlobalTrials.network,,,EN,Oat,CO_350:0000187,Acid soil tolerance,Abiotic stress trait,The plants tolerance to acid soil.,,AcdTol,,Plant,Acid soil tolerance,,,CO_350:0000188,Acid soil tolerance - Estimation,Estimation,Observe the growth of plants per plot/entry in a low pH (acid) soil field and rate the tolerance.,,,CO_350:0000143,1-5 Tolerance scale,Ordinal,,,,,1= highly susceptible,2= susceptible,3= intermediate,4= tolerant,5= highly tolerant,,,,,
,CO_350:0000192,ColdTol_E_1-5_Tolerance_scale,,Evaluation in trials,At the event,,,GlobalTrials.network,,,EN,Oat,CO_350:0000190,Cold tolerance,Abiotic stress trait,The plants tolerance to lower temperatures than the optimum.,"Low temperature tolerance, Cold susceptibility",ColdTol,,Plant,Cold tolerance,,,CO_350:0000191,Cold tolerance - Estimation,Estimation,Observe the growth of plants per plot/entry at temperature lower than the optimum temperature and rate the tolerance.,,,CO_350:0000143,1-5 Tolerance scale,Ordinal,,,,,1= highly susceptible,2= susceptible,3= intermediate,4= tolerant,5= highly tolerant,,,,,
,CO_350:0000195,DrouTol_E_1-5_Tolerance_scale,,Evaluation in trials,At the event,,,GlobalTrials.network,,,EN,Oat,CO_350:0000193,Drought stress tolerance,Abiotic stress trait,The plant tolerance to drought stress.,,DrouTol,,Plant,Drought stress tolerance,,,CO_350:0000194,Drought stress tolerance - Estimation,Estimation,Observe the growth of plants per plot/entry under droughted condition and rate the tolerance.,,,CO_350:0000143,1-5 Tolerance scale,Ordinal,,,,,1= highly susceptible,2= susceptible,3= intermediate,4= tolerant,5= highly tolerant,,,,,
,CO_350:0000198,FrostTol_E_1-5_Tolerance_scale,,Evaluation in trials,At the event,,,GlobalTrials.network,,,EN,Oat,CO_350:0000196,Frost tolerance,Abiotic stress trait,The plant tolerance to frost.,,FrostTol,,Plant,Frost tolerance,,,CO_350:0000197,Frost tolerance - Estimation,Estimation,Observe the growth of plants per plot/entry after a frost event and rate the tolerance.,,,CO_350:0000143,1-5 Tolerance scale,Ordinal,,,,,1= highly susceptible,2= susceptible,3= intermediate,4= tolerant,5= highly tolerant,,,,,
,CO_350:0000201,HeatTol_E_1-5_Tolerance_scale,,Evaluation in trials,At the event,,,GlobalTrials.network,,,EN,Oat,CO_350:0000199,Heat tolerance,Abiotic stress trait,The plants tolerance to heat conditions.,,HeatTol,,Plant,Heat tolerance,,,CO_350:0000200,Heat tolerance - Estimation,Estimation,Observe the growth of plants per plot/entry under heat condition and rate the tolerance.,,,CO_350:0000143,1-5 Tolerance scale,Ordinal,,,,,1= highly susceptible,2= susceptible,3= intermediate,4= tolerant,5= highly tolerant,,,,,
,CO_350:0000204,SaltTol_E_1-5_Tolerance_scale,,Evaluation in trials,At the event,,,GlobalTrials.network,,,EN,Oat,CO_350:0000202,Salinity tolerance,Abiotic stress trait,The plants tolerance to soil salinity.,,SaltTol,,Plant,Salinity tolerance,,,CO_350:0000203,Salinity tolerance - Estimation,Estimation,Observe the growth of plants per plot/entry at the field presenting soil salinity and rate the tolerance.,,,CO_350:0000143,1-5 Tolerance scale,Ordinal,,,,,1= highly susceptible,2= susceptible,3= intermediate,4= tolerant,5= highly tolerant,,,,,
,CO_350:0000207,WtrLogTol_E_1-5_Tolerance_scale,,Evaluation in trials,At the event,,,GlobalTrials.network,,,EN,Oat,CO_350:0000205,Waterlogging tolerance,Abiotic stress trait,The plant tolerance to waterlogging.,,WtrLogTol,,Plant,Waterlogging tolerance,,,CO_350:0000206,Waterlogging tolerance - Estimation,Estimation,Observe the growth of plants per plot/entry after a waterlogging event and rate the tolerance.,,,CO_350:0000143,1-5 Tolerance scale,Ordinal,,,,,1= highly susceptible,2= susceptible,3= intermediate,4= tolerant,5= highly tolerant,,,,,
,CO_350:0000211,CnpGrnP_M_1-9_persistence,,Evaluation in trials,From GS61,,,GlobalTrials.network,,,EN,Oat,CO_350:0000208,Canopy green persistence,Agronomic trait,,,CnpGrnP,,Canopy,Persistence,,,CO_350:0000209,Canopy green persistence measurement,Measurement,Measure the canopy green persistence.,,,CO_350:0000210,1-9 persistence,Ordinal,0,1,9,,0=short persistence,9=long persistence,,,,,,,,
,CO_350:0000212,RelCan_E_1-9_scale,,Evaluation in trials,Canopy closure,,,Oat Global,,,EN,Oat,CO_350:0000024,Relative canopy development,Phenological trait,"Relative canopy development, each genotype is rated against the earliest genotypes, when those genotypes have a completely closed canopy.",,,,Canopy,Relative development,,,CO_350:0000025,Relative canopy development observation,Estimation,Visual assessment of the development of the canopy of a plot relative to genotypes with a closed canopy.,,,CO_350:0000026,1-9 relative canopy development scale,Categorical,,,,,,,,,,,,,,
,CO_350:0000216,CnpSen_M_1-9_senescence,,Evaluation in trials,From GS61,,,GlobalTrials.network,,,EN,Oat,CO_350:0000213,Canopy senescence,Agronomic trait,,,CnpSen,,Canopy,Senescence,,,CO_350:0000214,Canopy senescence measurement,Measurement,Measure the canopy senescence.,,,CO_350:0000215,1-9 senescence,Ordinal,0,1,9,,0=no senescense,9=full senescense,,,,,,,,
,CO_350:0000217,Snap_E_1-9_rating,,Evaluation in trials,Pre-harvest,,,Oat Global,,,EN,Oat,CO_350:0000027,Snapback,Abiotic stress trait,"Snapback, or recovery to a vertical position, of the plant after being held at a 45 degree angle.",,,,Plant,Snapback rate,,,CO_350:0000028,Snapback rating,Estimation,"Plants are held at a 45 degree angle and released. The snapback, or recovery to vertical position, is rated.",,,CO_350:0000029,1-9 snapback scale,Categorical,,,,,,,,,,,,,,
,CO_350:0000221,CnpTmp_M_celcius,,Evaluation in trials,From GS11,,,GlobalTrials.network,,,EN,Oat,CO_350:0000218,Canopy temperature,Agronomic trait,The temerature of the canopy.,,CnpTmp,,Canopy,Temperature,,,CO_350:0000219,Canopy temperature measurement,Measurement,Measure the canopy temperature.,,,CO_350:0000220,celcius,Numerical,2,,,,,,,,,,,,,
,CO_350:0000225,CnpTmpD_M_celcius,,Evaluation in trials,From GS11,,,GlobalTrials.network,,,EN,Oat,CO_350:0000222,Caonpy temperature depression,Agronomic trait,The difference in temperature between canopy and air.,,CnpTmpD,,Canopy,Temperature,,,CO_350:0000223,Caonpy temperature depression measurement,Measurement,Measure the caonpy temperature depression.,,,CO_350:0000224,celcius,Numerical,2,,,,,,,,,,,,,
,CO_350:0000228,IntNd_M_cm,,Evaluation in trials,From GS11,,,GlobalTrials.network,,,EN,Oat,CO_350:0000226,Internode distance,Morphological trait,The internode distance .,,IntNd,,Stem,Internode distance,,,CO_350:0000227,Internode distance measurement,Measurement,Measure the internode distance .,,,CO_350:0000023,cm,Numerical,2,0,300,,,,,,,,,,,
,CO_350:0000231,LfLn_M_cm,,Evaluation in trials,From GS11,,,GlobalTrials.network,,,EN,Oat,CO_350:0000229,Leaf length,Morphological trait,The leaf length.,,LfLn,,Leaf,Chlorophyll,,,CO_350:0000230,Leaf length measurement,Measurement,Measure the leaf length.,,,CO_350:0000023,cm,Numerical,2,0,300,,,,,,,,,,,
,CO_350:0000232,PH_M_cm,,Characterization in pedigree nurseries and evaluation in trials,Grain development,,,Oat Global,,,EN,Oat,CO_350:0000021,Plant height,Agronomic trait,Height of plant from ground to top of flag leaf ligule.,,PlntHtLig,,Plant,Height,,,CO_350:0000022,Plant height measurement,Measurement,Measurement of the height of the whole plant from the soil surface to the tip of the panicle.,,,CO_350:0000023,cm,Numerical,2,0,300,,,,,,,,,,,
,CO_350:0000234,PlntHtLig_M_cm,,Evaluation in trials,From GS31,,,GlobalTrials.network,,,EN,Oat,CO_350:0000021,Plant height,Agronomic trait,Height of plant from ground to top of flag leaf ligule.,,PlntHtLig,,Plant,Height,,,CO_350:0000233,Plant height measurement,Measurement,Measure from ground level to the uppermost leaf ligule.,,,CO_350:0000023,cm,Numerical,2,0,300,,,,,,,,,,,
,CO_350:0000237,StmLn_M_cm,,Evaluation in trials,From GS31,,,GlobalTrials.network,,,EN,Oat,CO_350:0000235,Stem length,Morphological trait,The stem length.,,StmLn,,Stem,Length,,,CO_350:0000236,Stem length measurement,Measurement,Measure the stem length.,,,CO_350:0000023,cm,Numerical,2,0,300,,,,,,,,,,,
,CO_350:0000240,FlwDays_C_days,,Evaluation in trials,From GS10,,,GlobalTrials.network,,,EN,Oat,CO_350:0000238,Flowering time,Phenological trait,The time when flowering occurs,,FlwDays,,Plant,Flowering,,,CO_350:0000239,Days to flowering computation,Computation,Calculate the days to flowering.,,,CO_350:0000144,days,Numerical,0,,,,,,,,,,,,,
,CO_350:0000242,HdDays_C_days,,Evaluation in trials,From GS10,,,GlobalTrials.network,,,EN,Oat,CO_350:0000012,Heading time,Phenological trait,The time when heading occurs.,,HdDays,,Inflorescence,Heading date,,,CO_350:0000241,Days to heading computation,Computation,Calculate the days to heading.,,,CO_350:0000144,days,Numerical,0,,,,,,,,,,,,,
,CO_350:0000244,MatDays_C_days,,Evaluation in trials,From GS10,,,GlobalTrials.network,,,EN,Oat,CO_350:0000018,Maturity time,Phenological trait,The time when maturity occurs,,MatDays,,Grain,Maturity date,,,CO_350:0000243,Days to maturity computation,Computation,Calculate the days to maturity.,,,CO_350:0000144,days,Numerical,0,,,,,,,,,,,,,
,CO_350:0000245,CRItype_E_0-9_DiseaseInfection,,Characterization in pedigree nurseries and evaluation in trials.,Pre-harvest,,,Oat Global,,,EN,Oat,CO_350:0000087,Crown rust infection type,Biotic stress trait,A qualitative analysis of the type of crown rust symptoms that are exhibited.,,,,Plant,Crown rust infection type,,,CO_350:0000088,Disease infection type observation,Estimation,"Visual assessment of the disease reaction. Infection types are limited to: Resistant (R): chlorotic fleck reaction with no sporulation, Moderately resistant (MR): Very small, non- or low-sporulating pustule surrounded by chlorosis, Moderately susceptible (MS): moderate to large pustule surrounded by extensive chlorosis, and, Susceptible (S): large pustule with little or no chlorosis.",,,CO_350:0000089,Disease infection type scale,Categorical,,,,,,,,,,,,,,
,CO_350:0000246,Srinftype_E_DiseaseInfection,,Characterization in pedigree nurseries and evaluation in trials,Pre-harvest,,,Oat Global,,,EN,Oat,CO_350:0000111,Stem rust infection type,Biotic stress trait,A qualitative analysis of the type of stem rust symptoms that are exhibited.,,,,Stem,Stem rust infection type,,,CO_350:0000112,Disease infection type observation.,Estimation,"Visual assessment of the disease reaction. Infection types are limited to: Resistant (R): chlorotic fleck reaction with no sporulation, Moderately resistant (MR): Very small, non- or low-sporulating pustule surrounded by chlorosis, Moderately susceptible (MS): moderate to large pustule surrounded by extensive chlorosis, and, Susceptible (S): large pustule with little or no chlorosis.",,,CO_350:0000089,Disease infection type scale,Categorical,,,,,,,,,,,,,,
,CO_350:0000250,GrtrWght_M_g,,Evaluation in trials,Post-harvest,,,GlobalTrials.network,,,EN,Oat,CO_350:0000247,Groat weight,Quality trait,Groat weight.,,GrtrWght,,Oat/groat,Weight,,,CO_350:0000248,Groat weight measurement,Measurement,Measure the groat weight.,,,CO_350:0000249,g,Numerical,2,,,,,,,,,,,,,
,CO_350:0000251,100GrW_M_%,,Characterization in pedigree nurseries and evaluation in trials,Post-harvest,,,Oat Global,,,EN,Oat,CO_350:0000078,Thousand grain weight,Quality trait,The thousand grain weight.,,TGW,,Oat/groat,Grain weight,,,CO_350:0000079,TGW determination,Measurement,Measurement of the weight of 1000 well-developed whole grains.,,,CO_350:0000065,g,Continuous,2,0,50,,,,,,,,,,,
,CO_350:0000253,PTGW_M_g,,Evaluation in trials,Post-harvest,,,GlobalTrials.network,,,EN,Oat,CO_350:0000078,Thousand grain weight,Quality trait,The thousand grain weight.,,TGW,,Oat/groat,Grain weight,,,CO_350:0000252,Thousand grain weight measurement - primary,Measurement,Measure the primary thousand grain weight.,,,CO_350:0000065,g,Continuous,2,0,50,,,,,,,,,,,
,CO_350:0000255,STGW_M_g,,Evaluation in trials,Post-harvest,,,GlobalTrials.network,,,EN,Oat,CO_350:0000078,Thousand grain weight,Quality trait,The thousand grain weight.,,TGW,,Oat/groat,Grain weight,,,CO_350:0000254,Thousand grain weight measurement - secondary,Measurement,Measure the secondary thousand grain weight.,,,CO_350:0000065,g,Continuous,2,0,50,,,,,,,,,,,
,CO_350:0000257,TTGW_M_g,,Evaluation in trials,Post-harvest,,,GlobalTrials.network,,,EN,Oat,CO_350:0000078,Thousand grain weight,Quality trait,The thousand grain weight.,,TGW,,Oat/groat,Grain weight,,,CO_350:0000256,Thousand grain weight measurement - tertiary,Measurement,Measure the tertiary thousand grain weight.,,,CO_350:0000065,g,Continuous,2,0,50,,,,,,,,,,,
,CO_350:0000258,UndehulledS_C_g,,Characterization in pedigree nurseries,Post-harvest,,,Oat Global,,,EN,Oat,CO_350:0000063,Undehulled seed,Quality trait,Amount of undehulled seed remaining after dehulling.,,,,Undehulled seed,number,,,CO_350:0000064,Undehulled seed determination,Counting,"Amount of undehulled seed remaining after passing a 50 gram sample through a Codema dehuller, under standard conditions, for 90 seconds.",,,CO_350:0000065,g,Continuous,2,0,50,,,,,,,,,,,
,CO_350:0000259,TstW_M_g/L,,Evaluation in trials,Post-harvest,,,Oat Global,,,EN,Oat,CO_350:0000075,Test weight,Morphological trait,A measure of the density or weight per unit volume of a grain at a standardized moisture level.,,,,Grain,Weight,,,CO_350:0000076,Test weight determination,Measurement,,,,CO_350:0000077,g/L,Continuous,,0,3000,,,,,,,,,,,
,CO_350:0000260,GrYie_M_g/m2,,Evaluation in trials,Post-harvest,,,Oat Global,,,EN,Oat,CO_350:0000006,Grain yield,Agronomic trait,Total weight of grains harvested per unit area.,,,,Grain,Yield,,,CO_350:0000007,Grain yield determination,Measurement,Measurement of the total weight of whole grains harvested per unit area.,,,CO_350:0000008,g/m2,Numerical,2,0,2000,,,,,,,,,,,
,CO_350:0000262,SWSC_M_g_per_m2,,Evaluation in trials,From GS31,,,GlobalTrials.network,,,EN,Oat,CO_350:0000126,Stem water soluable carbohydrates,Physiological traits,Water soluble carbohydrates accumulated into the stem.,,SWSC,,Stem,Water soluable carbohydrates,,,CO_350:0000261,Stem water soluable carbohydrates measurement,Measurement,Laboratory analysis of stem water soluable content.,,,CO_350:0000008,g/m2,Numerical,2,0,2000,,,,,,,,,,,
,CO_350:0000265,SWSC_M_g_per_stem,,Evaluation in trials,From GS31,,,GlobalTrials.network,,,EN,Oat,CO_350:0000126,Stem water soluable carbohydrates,Physiological traits,Water soluble carbohydrates accumulated into the stem.,,SWSC,,Stem,Water soluable carbohydrates,,,CO_350:0000263,Stem water soluable carbohydrates measurement,Measurement,Laboratory analysis of stem water soluable content.,,,CO_350:0000264,g/stem,Numerical,2,,,,,,,,,,,,,
,CO_350:0000269,GrnPPn_M_grains_per_panicle,,Evaluation in trials,From GS61,,,GlobalTrials.network,,,EN,Oat,CO_350:0000266,Grains per panicle,Physiological traits,The number of grains per panicle.,,GrnPPn,,Oat/groat,Grain number,,,CO_350:0000267,Grains per panicle measurement,Measurement,Measure the grains per panicle.,,,CO_350:0000268,grains/panicle,Numerical,0,,,,,,,,,,,,,
,CO_350:0000270,Hdate_M_Jday,,Characterization in pedigree nurseries and evaluation in trials,Heading,,,Oat Global,,,EN,Oat,CO_350:0000012,Heading time,Phenological trait,The time when heading occurs.,,HdDays,,Inflorescence,Heading date,,,CO_350:0000013,Heading date observation,Measurement,Record of the date on which heading occurs.,,,CO_350:0000014,Julian day,Continuous,,0,365,,,,,,,,,,,
,CO_350:0000271,Mdate_M_Jday,,Characterization in pedigree nurseries and evaluation in trials,Physiological maturity,,,Oat Global,,,EN,Oat,CO_350:0000018,Maturity time,Phenological trait,The time when maturity occurs,,MatDays,,Grain,Maturity date,,,CO_350:0000019,Maturity date observation,Measurement,Record of the date on which maturity occurs.,,,CO_350:0000014,Julian day,Continuous,,0,365,,,,,,,,,,,
,CO_350:0000273,SpecWgt_M_kg_per_hl,,Evaluation in trials,Post-harvest,,,GlobalTrials.network,,,EN,Oat,CO_350:0000125,Specific weight,Morphological trait,A measure of the density or weight per unit volume of a oat/groat at a standardized moisture level.,,SpecWgt,,Oat/groat,Density,,,CO_350:0000272,Specific weight measurment by Dicky John,Measurement,Measure the specific weight of the oat/groat with a Dicky John.,,,CO_350:0000145,kg/hl,Numerical,2,,,,,,,,,,,,,
,CO_350:0000275,SpecWgt_M_kg_per_hl,,Evaluation in trials,Post-harvest,,,GlobalTrials.network,,,EN,Oat,CO_350:0000125,Specific weight,Morphological trait,A measure of the density or weight per unit volume of a oat/groat at a standardized moisture level.,,SpecWgt,,Oat/groat,Density,,,CO_350:0000274,Specific weight measurment by chrondrometer,Measurement,Measure the specific weight of the oat/groat with a chrondrometer.,,,CO_350:0000145,kg/hl,Numerical,2,,,,,,,,,,,,,
,CO_350:0000278,AGDBM_M_kg_per_m2,,Evaluation in trials,From GS11,,,GlobalTrials.network,,,EN,Oat,CO_350:0000276,Above ground dry biomass,Agronomic trait,Dry biomass of all above ground plant parts.,,AGDBM,,Plant,Dry biomass,,,CO_350:0000277,Above ground dry biomass measurement,Measurement,Cut all aboveground biomass in a predetermined area. Dry to a constant weight and weigh using a scale or balance.,,,CO_350:0000146,kg/m2,Numerical,2,,,,,,,,,,,,,
,CO_350:0000281,AGFBM_M_kg_per_m2,,Evaluation in trials,From GS11,,,GlobalTrials.network,,,EN,Oat,CO_350:0000279,Above ground fresh biomass,Agronomic trait,Fresh biomass of all above ground plant parts.,,AGFBM,,Plant,Fresh biomass,,,CO_350:0000280,Above ground fresh biomass measurement,Measurement,Cut all aboveground biomass in a predetermined area and weigh immediately using a scale or balance.,,,CO_350:0000146,kg/m2,Numerical,2,,,,,,,,,,,,,
,CO_350:0000284,BGDBM_M_kg_per_m2,,Evaluation in trials,From GS11,,,GlobalTrials.network,,,EN,Oat,CO_350:0000282,Below ground dry biomass,Agronomic trait,Dry biomass of all below ground plant parts.,,BGDBM,,Root,Dry biomass,,,CO_350:0000283,Below ground dry biomass measurement,Measurement,Recover as much below ground biomass as possible. Wash to remove excess soil. Dry to a constant weight and weight on a scale or balance.,,,CO_350:0000146,kg/m2,Numerical,2,,,,,,,,,,,,,
,CO_350:0000287,BGFBM_M_kg_per_m2,,Evaluation in trials,From GS11,,,GlobalTrials.network,,,EN,Oat,CO_350:0000285,Below ground fresh biomass,Agronomic trait,Fresh biomass of all below ground plant parts.,,BGFBM,,Root,Fresh biomass,,,CO_350:0000286,Below ground fresh biomass measurement,Measurement,Recover as much below ground biomass as possible. Wash to remove excess soil and weight on a scale or balance.,,,CO_350:0000146,kg/m2,Numerical,2,,,,,,,,,,,,,
,CO_350:0000290,CFFDBM_M_kg_per_m2,,Evaluation in trials,Post-harvest,,,GlobalTrials.network,,,EN,Oat,CO_350:0000288,Chaff dry biomass,Agronomic trait,The dry biomass of chaff.,,CFFDBM,,Plant,Dry biomass,,,CO_350:0000289,Chaff dry biomass measurement,Measurement,Measure the chaff dry biomass.,,,CO_350:0000146,kg/m2,Numerical,2,,,,,,,,,,,,,
,CO_350:0000293,CFFFBM_M_kg_per_m2,,Evaluation in trials,Post-harvest,,,GlobalTrials.network,,,EN,Oat,CO_350:0000291,Chaff fresh biomass,Agronomic trait,The fresh biomass of chaff.,,CFFFBM,,Plant,Fresh biomass,,,CO_350:0000292,Chaff fresh biomass measurement,Measurement,Measure the chaff fresh biomass.,,,CO_350:0000146,kg/m2,Numerical,2,,,,,,,,,,,,,
,CO_350:0000296,FTDBM_M_kg_per_m2,,Evaluation in trials,From GS21,,,GlobalTrials.network,,,EN,Oat,CO_350:0000294,Fertile tiller dry biomass,Agronomic trait,Dry biomass of all fertile tillers.,,FTDBM,,Fertile tiller,Dry biomass,,,CO_350:0000295,Fertile tiller dry biomass measurement,Measurement,Separate all fertile tillers from the sample. Dry to a constant weight and weigh using a scale or balance.,,,CO_350:0000146,kg/m2,Numerical,2,,,,,,,,,,,,,
,CO_350:0000299,FTFBM_M_kg_per_m2,,Evaluation in trials,From GS21,,,GlobalTrials.network,,,EN,Oat,CO_350:0000297,Fertile tiller fresh biomass,Agronomic trait,Fresh biomass of all fertile tillers.,,FTFBM,,Fertile tiller,Fresh biomass,,,CO_350:0000298,Fertile tiller fresh biomass measurement,Measurement,Separate all fertile tillers from the sample and weigh immediately using a scale or balance.,,,CO_350:0000146,kg/m2,Numerical,2,,,,,,,,,,,,,
,CO_350:0000302,GLDBM_M_kg_per_m2,,Evaluation in trials,From GS11,,,GlobalTrials.network,,,EN,Oat,CO_350:0000300,Green leaf dry biomass,Agronomic trait,Dry biomass of all leaves that have a green area > 50%.,,GLDBM,,Leaf,Dry biomass,,,CO_350:0000301,Green leaf dry biomass measurement,Measurement,Separate all leaves with green area greater than 50% from the sample. Dry to a constant weight and weigh using a scale or balance.,,,CO_350:0000146,kg/m2,Numerical,2,,,,,,,,,,,,,
,CO_350:0000305,GLFBM_M_kg_per_m2,,Evaluation in trials,From GS11,,,GlobalTrials.network,,,EN,Oat,CO_350:0000303,Green leaf fresh biomass,Agronomic trait,Fresh biomass of all leaves that have a green area > 50%.,,GLFBM,,Leaf,Fresh biomass,,,CO_350:0000304,Green leaf fresh biomass measurement,Measurement,Separate all leaves with green area greater than 50% from the sample and weigh immediately using a scale or balance.,,,CO_350:0000146,kg/m2,Numerical,2,,,,,,,,,,,,,
,CO_350:0000308,ITDBM_M_kg_per_m2,,Evaluation in trials,From GS21,,,GlobalTrials.network,,,EN,Oat,CO_350:0000306,Infertile tiller dry biomass,Agronomic trait,Dry biomass of all infertile tillers.,,ITDBM,,Infertile tiller,Dry biomass,,,CO_350:0000307,Infertile tiller dry biomass measurement,Measurement,Separate all infertile from the sample. Dry to a constant weight and weigh using a scale or balance.,,,CO_350:0000146,kg/m2,Numerical,2,,,,,,,,,,,,,
,CO_350:0000311,ITFBM_M_kg_per_m2,,Evaluation in trials,From GS21,,,GlobalTrials.network,,,EN,Oat,CO_350:0000309,Infertile tiller fresh biomass,Agronomic trait,Fresh biomass of all infertile tillers.,,ITFBM,,Infertile tiller,Fresh biomass,,,CO_350:0000310,Infertile tiller fresh biomass measurement,Measurement,Separate all infertile tillers from the sample and weigh immediately using a scale or balance.,,,CO_350:0000146,kg/m2,Numerical,2,,,,,,,,,,,,,
,CO_350:0000314,NGLDBM_M_kg_per_m2,,Evaluation in trials,From GS11,,,GlobalTrials.network,,,EN,Oat,CO_350:0000312,Non-green leaf dry biomass,Agronomic trait,Dry biomass of all leaves that have a green area < 50%.,,NGLDBM,,Leaf,Dry biomass,,,CO_350:0000313,Non-green leaf dry biomass measurement,Measurement,Separate all leaves with green area less than 50% from the sample. Dry to a constant weight and weigh using a scale or balance.,,,CO_350:0000146,kg/m2,Numerical,2,,,,,,,,,,,,,
,CO_350:0000317,NGLFBM_M_kg_per_m2,,Evaluation in trials,From GS11,,,GlobalTrials.network,,,EN,Oat,CO_350:0000315,Non-green leaf fresh biomass,Agronomic trait,Fresh biomass of all leaves that have a green area < 50%.,,NGLFBM,,Leaf,Fresh biomass,,,CO_350:0000316,Non-green leaf fresh biomass measurement,Measurement,Separate all leaves with green area less than 50% from the sample and weigh immediately using a scale or balance.,,,CO_350:0000146,kg/m2,Numerical,2,,,,,,,,,,,,,
,CO_350:0000320,PDBM_M_kg_per_m2,,Evaluation in trials,From GS59,,,GlobalTrials.network,,,EN,Oat,CO_350:0000318,Panicle dry biomass,Agronomic trait,Dry biomass of all panicles,,PDBM,,Panicle,Dry biomass,,,CO_350:0000319,Panicle dry biomass measurement,Measurement,Separate all panicles from the sample. Dry to a constant weight and weigh using a scale or balance.,,,CO_350:0000146,kg/m2,Numerical,2,,,,,,,,,,,,,
,CO_350:0000323,PFBM_M_kg_per_m2,,Evaluation in trials,From GS59,,,GlobalTrials.network,,,EN,Oat,CO_350:0000321,Panicle fresh biomass,Agronomic trait,Fresh biomass of all panicles.,,PFBM,,Panicle,Fresh biomass,,,CO_350:0000322,Panicle fresh biomass measurement,Measurement,Separate all panicles from the sample and weigh immediately using a scale or balance.,,,CO_350:0000146,kg/m2,Numerical,2,,,,,,,,,,,,,
,CO_350:0000326,STDBM_M_kg_per_m2,,Evaluation in trials,From GS21,,,GlobalTrials.network,,,EN,Oat,CO_350:0000324,Secondary tiller dry biomass,Agronomic trait,Dry biomass of all secondary tillers.,,STDBM,,Secondary tiller,Dry biomass,,,CO_350:0000325,Secondary tiller dry biomass measurement,Measurement,Separate all secondary tillers from the sample. Dry to a constant weight and weigh using a scale or balance.,,,CO_350:0000146,kg/m2,Numerical,2,,,,,,,,,,,,,
,CO_350:0000329,STFBM_M_kg_per_m2,,Evaluation in trials,From GS21,,,GlobalTrials.network,,,EN,Oat,CO_350:0000327,Secondary tiller fresh biomass,Agronomic trait,Fresh biomass of all secondary tillers.,,STFBM,,Secondary tiller,Fresh biomass,,,CO_350:0000328,Secondary tiller fresh biomass measurement,Measurement,Separate all secondary tillers from the sample and weigh immediately using a scale or balance.,,,CO_350:0000146,kg/m2,Numerical,2,,,,,,,,,,,,,
,CO_350:0000332,StrwDBM_M_kg_per_m2,,Evaluation in trials,Post-harvest,,,GlobalTrials.network,,,EN,Oat,CO_350:0000330,Straw dry biomass,Agronomic trait,The straw dry biomass.,,StrwDBM,,Straw,Yield,,,CO_350:0000331,Straw dry biomass measurement,Measurement,Measure the straw dry biomass.,,,CO_350:0000146,kg/m2,Numerical,2,,,,,,,,,,,,,
,CO_350:0000335,StrwFBM_M_kg_per_m2,,Evaluation in trials,Post-harvest,,,GlobalTrials.network,,,EN,Oat,CO_350:0000333,Straw fresh biomass,Agronomic trait,The straw fresh biomass.,,StrwFBM,,Straw,Yield,,,CO_350:0000334,Straw fresh biomass measurement,Measurement,Measure the straw fresh biomass.,,,CO_350:0000146,kg/m2,Numerical,2,,,,,,,,,,,,,
,CO_350:0000337,GLA_M_m2,,Evaluation in trials,From GS11,,,GlobalTrials.network,,,EN,Oat,CO_350:0000122,Green leaf area,Agronomic trait,The percentage area of a leaf that is green.,,GLA,,Leaf,Area,,,CO_350:0000336,Green leaf area measurement,Measurement,Measure the total green leaf area using a planimeter.,,,CO_350:0000147,m2,Numerical,2,,,,,,,,,,,,,
,CO_350:0000340,PA_M_m2,,Evaluation in trials,From GS59,,,GlobalTrials.network,,,EN,Oat,CO_350:0000338,Panicle area,Agronomic trait,The area of panicles.,,PA,,Panicle,Area,,,CO_350:0000339,Panicle area measurement,Measurement,Measure the total panicle area using a planimeter.,,,CO_350:0000147,m2,Numerical,2,,,,,,,,,,,,,
,CO_350:0000343,SA_M_m2,,Evaluation in trials,From GS31,,,GlobalTrials.network,,,EN,Oat,CO_350:0000341,Stem area,Agronomic trait,The area of stems.,,SA,,Stem,Area,,,CO_350:0000342,Stem area measurement,Measurement,Measure the total stem area using a planimeter.,,,CO_350:0000147,m2,Numerical,2,,,,,,,,,,,,,
,CO_350:0000345,GAI_C_m2_per_m2,,Evaluation in trials,From GS11,,,GlobalTrials.network,,,EN,Oat,CO_350:0000121,Green area index,Agronomic trait,A dimensionless quantity that characterizes plant canopies and defined as the green area per unit ground surface area.,,GAI,,Canopy,Green area index,,,CO_350:0000344,Green area index computation,Computation,"Calculate the green area index using measured leaf, stem and panicle areas.",,,CO_350:0000148,m2/m2,Numerical,2,,,,,,,,,,,,,
,CO_350:0000347,GAI_E_m2_per_m2,,Evaluation in trials,From GS11,,,GlobalTrials.network,,,EN,Oat,CO_350:0000121,Green area index,Agronomic trait,A dimensionless quantity that characterizes plant canopies and defined as the green area per unit ground surface area.,,GAI,,Canopy,Green area index,,,CO_350:0000346,Green area index estimation,Estimation,Estimate the green area index using keys and/or charts.,,,CO_350:0000148,m2/m2,Numerical,2,,,,,,,,,,,,,
,CO_350:0000349,LAI_C_m2_per_m2,,Evaluation in trials,From GS11,,,GlobalTrials.network,,,EN,Oat,CO_350:0000123,Leaf area index,Agronomic trait,A dimensionless quantity that characterizes plant canopies and defined as the leaf area per unit ground surface area.,,LAI,,Canopy,Leaf area index,,,CO_350:0000348,Leaf area index computation,Computation,Calculate the leaf area index using measured leaf areas.,,,CO_350:0000148,m2/m2,Numerical,2,,,,,,,,,,,,,
,CO_350:0000351,LAI_E_m2_per_m2,,Evaluation in trials,From GS11,,,GlobalTrials.network,,,EN,Oat,CO_350:0000123,Leaf area index,Agronomic trait,A dimensionless quantity that characterizes plant canopies and defined as the leaf area per unit ground surface area.,,LAI,,Canopy,Leaf area index,,,CO_350:0000350,Leaf area index estimation,Estimation,Estimate the leaf area index using keys and/or charts.,,,CO_350:0000148,m2/m2,Numerical,2,,,,,,,,,,,,,
,CO_350:0000353,LAI_M_m2_per_m2,,Evaluation in trials,From GS11,,,GlobalTrials.network,,,EN,Oat,CO_350:0000123,Leaf area index,Agronomic trait,A dimensionless quantity that characterizes plant canopies and defined as the leaf area per unit ground surface area.,,LAI,,Canopy,Leaf area index,,,CO_350:0000352,Leaf area index measurement,Measurement,Measure the leaf area index using a ceptometer.,,,CO_350:0000148,m2/m2,Numerical,2,,,,,,,,,,,,,
,CO_350:0000357,LfStmRs_M_m2s_per_mmol,,Evaluation in trials,From GS11,,,GlobalTrials.network,,,EN,Oat,CO_350:0000354,Leaf stomatal resistance,Physiological traits,The leaf stomatal resistance.,,LfStmRs,,Leaf,Stomatal resistance,,,CO_350:0000355,Leaf stomatal resistance measurement,Measurement,Measure the leaf stomatal resistance.,,,CO_350:0000356,m2s/mmol,Numerical,2,,,,,,,,,,,,,
,CO_350:0000360,AbNcnt_M_mg_per_kg,,Evaluation in trials,From GS11,,,GlobalTrials.network,,,EN,Oat,CO_350:0000358,Above ground N content,Physiological traits,The N content of all above ground plant parts.,,AbNcnt,,Plant,N content,,,CO_350:0000359,Above ground N content measurement,Measurement,Laboratory analysis of nitrogen content in the above ground parts of a plant.,,,CO_350:0000149,mg/kg,Numerical,2,,,,,,,,,,,,,
,CO_350:0000363,ChffNCnt_M_mg_per_kg,,Evaluation in trials,From GS59,,,GlobalTrials.network,,,EN,Oat,CO_350:0000361,Chaff N content,Physiological traits,The nitrogen content of the chaff.,,ChffNCnt,,Chaff,N content,,,CO_350:0000362,Chaff N content measurement,Measurement,Laboratory analysis of nitrogen content in the chaff of a sample.,,,CO_350:0000149,mg/kg,Numerical,2,,,,,,,,,,,,,
,CO_350:0000366,IfTllrNCnt_M_mg_per_kg,,Evaluation in trials,From GS21,,,GlobalTrials.network,,,EN,Oat,CO_350:0000364,Infertile tiller N content,Physiological traits,The nitrogen content of the infertile tiller.,,IfTllrNCnt,,Infertile tiller,N content,,,CO_350:0000365,Infertile tiller N content measurement,Measurement,Laboratory analysis of nitrogen content in the infertile tillers of a sample.,,,CO_350:0000149,mg/kg,Numerical,2,,,,,,,,,,,,,
,CO_350:0000369,LfNCnt_M_mg_per_kg,,Evaluation in trials,From GS11,,,GlobalTrials.network,,,EN,Oat,CO_350:0000367,Leaf N content,Physiological traits,The nitrogen content of the leaf.,,LfNCnt,,Leaf,N content,,,CO_350:0000368,Leaf N content measurement,Measurement,Laboratory analysis of nitrogen content in the leaves of a sample.,,,CO_350:0000149,mg/kg,Numerical,2,,,,,,,,,,,,,
,CO_350:0000372,GrNCnt_M_mg_per_kg,,Evaluation in trials,From GS59,,,GlobalTrials.network,,,EN,Oat,CO_350:0000370,Oat/groat N content,Physiological traits,The nitrogen content of the oat/groat.,,GrNCnt,,Oat/groat,N content,,,CO_350:0000371,Oat/groat N content measurement,Measurement,Laboratory analysis of nitrogen content in the oat/groat of a sample.,,,CO_350:0000149,mg/kg,Numerical,2,,,,,,,,,,,,,
,CO_350:0000375,PNCnt_M_mg_per_kg,,Evaluation in trials,From GS59,,,GlobalTrials.network,,,EN,Oat,CO_350:0000373,Panicle N content,Physiological traits,The nitrogen content of the panicle.,,PNCnt,,Panicle,N content,,,CO_350:0000374,Panicle N content measurement,Measurement,Laboratory analysis of nitrogen content in the panicles of a sample.,,,CO_350:0000149,mg/kg,Numerical,2,,,,,,,,,,,,,
,CO_350:0000378,PlntNCnt_M_mg_per_kg,,Evaluation in trials,From GS11,,,GlobalTrials.network,,,EN,Oat,CO_350:0000376,Plant N content,Physiological traits,The nitrogen content of the plant.,,PlntNCnt,,Plant,N content,,,CO_350:0000377,Plant N content measurement,Measurement,Laboratory analysis of nitrogen content in the plant of a sample.,,,CO_350:0000149,mg/kg,Numerical,2,,,,,,,,,,,,,
,CO_350:0000381,RtNCnt_M_mg_per_kg,,Evaluation in trials,From GS11,,,GlobalTrials.network,,,EN,Oat,CO_350:0000379,Root N content,Physiological traits,The nitrogen content of the root.,,RtNCnt,,Root,N content,,,CO_350:0000380,Root N content measurement,Measurement,Laboratory analysis of nitrogen content in the roots of a sample.,,,CO_350:0000149,mg/kg,Numerical,2,,,,,,,,,,,,,
,CO_350:0000384,STllrNCnt_M_mg_per_kg,,Evaluation in trials,From GS21,,,GlobalTrials.network,,,EN,Oat,CO_350:0000382,Secondary tiller N content,Physiological traits,The nitrogen content of the secondary tiller.,,STllrNCnt,,Secondary tiller,N content,,,CO_350:0000383,Secondary tiller N content measurement,Measurement,Laboratory analysis of nitrogen content in the secondary tillers of a sample.,,,CO_350:0000149,mg/kg,Numerical,2,,,,,,,,,,,,,
,CO_350:0000387,StNCnt_M_mg_per_kg,,Evaluation in trials,From GS31,,,GlobalTrials.network,,,EN,Oat,CO_350:0000385,Stem N content,Physiological traits,The nitrogen content of the stem.,,StNCnt,,Stem,N content,,,CO_350:0000386,Stem N content measurement,Measurement,Laboratory analysis of nitrogen content in the stems of a sample.,,,CO_350:0000149,mg/kg,Numerical,2,,,,,,,,,,,,,
,CO_350:0000390,StNCnt_M_mg_per_kg,,Evaluation in trials,From GS59,,,GlobalTrials.network,,,EN,Oat,CO_350:0000388,Straw N content,Physiological traits,The nitrogen content of the straw.,,StNCnt,,Straw,N content,,,CO_350:0000389,Straw N content measurement,Measurement,Laboratory analysis of nitrogen content in the straw of a sample.,,,CO_350:0000149,mg/kg,Numerical,2,,,,,,,,,,,,,
,CO_350:0000393,TllrNCnt_M_mg_per_kg,,Evaluation in trials,From GS21,,,GlobalTrials.network,,,EN,Oat,CO_350:0000391,Tiller N content,Physiological traits,The nitrogen content of the tiller.,,TllrNCnt,,Tiller,N content,,,CO_350:0000392,Tiller N content measurement,Measurement,Laboratory analysis of nitrogen content in the tillers of a sample.,,,CO_350:0000149,mg/kg,Numerical,2,,,,,,,,,,,,,
,CO_350:0000397,LfChlphCnt_M_mg_per_l,,Evaluation in trials,From GS11,,,GlobalTrials.network,,,EN,Oat,CO_350:0000394,Leaf chlorophyll content,Physiological traits,The leaf chlorophyll content.,,LfChlphCnt,,Leaf,Chlorophyll,,,CO_350:0000395,Leaf chlorophyll content measurement,Measurement,Measure the leaf chlorophyll content.,,,CO_350:0000396,mg/l,Numerical,2,,,,,,,,,,,,,
,CO_350:0000399,PGrtPrm_M_mm,,Evaluation in trials,Post-harvest,,,GlobalTrials.network,,,EN,Oat,CO_350:0000130,Groat perimeter,Morphological trait,The groat perimeter.,,GrtPrm,,Oat/groat,Perimeter,,,CO_350:0000398,Groat perimeter measurement - primary,Measurement,Measure the primary groat perimeter.,,,CO_350:0000150,mm,Numerical,2,,,,,,,,,,,,,
,CO_350:0000401,SGrtPrm_M_mm,,Evaluation in trials,Post-harvest,,,GlobalTrials.network,,,EN,Oat,CO_350:0000130,Groat perimeter,Morphological trait,The groat perimeter.,,GrtPrm,,Oat/groat,Perimeter,,,CO_350:0000400,Groat perimeter measurement - secondary,Measurement,Measure the secondary groat perimeter.,,,CO_350:0000150,mm,Numerical,2,,,,,,,,,,,,,
,CO_350:0000403,TGrtPrm_M_mm,,Evaluation in trials,Post-harvest,,,GlobalTrials.network,,,EN,Oat,CO_350:0000130,Groat perimeter,Morphological trait,The groat perimeter.,,GrtPrm,,Oat/groat,Perimeter,,,CO_350:0000402,Groat perimeter measurement - tertiary,Measurement,Measure the tertiary groat perimeter.,,,CO_350:0000150,mm,Numerical,2,,,,,,,,,,,,,
,CO_350:0000405,PGrtWd_M_mm,,Evaluation in trials,Post-harvest,,,GlobalTrials.network,,,EN,Oat,CO_350:0000133,Groat width,Morphological trait,The groat width.,,GrtWd,,Oat/groat,Width,,,CO_350:0000404,Groat width measurement - primary,Measurement,Measure the primary groat width.,,,CO_350:0000150,mm,Numerical,2,,,,,,,,,,,,,
,CO_350:0000407,SGrtWd_M_mm,,Evaluation in trials,Post-harvest,,,GlobalTrials.network,,,EN,Oat,CO_350:0000133,Groat width,Morphological trait,The groat width.,,GrtWd,,Oat/groat,Width,,,CO_350:0000406,Groat width measurement - secondary,Measurement,Measure the secondary groat width.,,,CO_350:0000150,mm,Numerical,2,,,,,,,,,,,,,
,CO_350:0000409,TGrtWd_M_mm,,Evaluation in trials,Post-harvest,,,GlobalTrials.network,,,EN,Oat,CO_350:0000133,Groat width,Morphological trait,The groat width.,,GrtWd,,Oat/groat,Width,,,CO_350:0000408,Groat width measurement - tertiary,Measurement,Measure the tertiary groat width.,,,CO_350:0000150,mm,Numerical,2,,,,,,,,,,,,,
,CO_350:0000411,PKLn_M_mm,,Evaluation in trials,Post-harvest,,,GlobalTrials.network,,,EN,Oat,CO_350:0000138,Kernel length,Morphological trait,The kernel length.,,KLn,,Oat/groat,Length,,,CO_350:0000410,Kernel length measurement - primary,Measurement,Measure the primary kernel length.,,,CO_350:0000150,mm,Numerical,2,,,,,,,,,,,,,
,CO_350:0000413,SKLn_M_mm,,Evaluation in trials,Post-harvest,,,GlobalTrials.network,,,EN,Oat,CO_350:0000138,Kernel length,Morphological trait,The kernel length.,,KLn,,Oat/groat,Length,,,CO_350:0000412,Kernel length measurement - secondary,Measurement,Measure the secondary kernel length.,,,CO_350:0000150,mm,Numerical,2,,,,,,,,,,,,,
,CO_350:0000415,TKLn_M_mm,,Evaluation in trials,Post-harvest,,,GlobalTrials.network,,,EN,Oat,CO_350:0000138,Kernel length,Morphological trait,The kernel length.,,KLn,,Oat/groat,Length,,,CO_350:0000414,Kernel length measurement - tertiary,Measurement,Measure the tertiary kernel length.,,,CO_350:0000150,mm,Numerical,2,,,,,,,,,,,,,
,CO_350:0000417,PKPrm_M_mm,,Evaluation in trials,Post-harvest,,,GlobalTrials.network,,,EN,Oat,CO_350:0000139,Kernel perimeter,Morphological trait,The kernel perimeter.,,KPrm,,Oat/groat,Perimeter,,,CO_350:0000416,Kernel perimeter measurement - primary,Measurement,Measure the primary kernel perimeter.,,,CO_350:0000150,mm,Numerical,2,,,,,,,,,,,,,
,CO_350:0000419,SKPrm_M_mm,,Evaluation in trials,Post-harvest,,,GlobalTrials.network,,,EN,Oat,CO_350:0000139,Kernel perimeter,Morphological trait,The kernel perimeter.,,KPrm,,Oat/groat,Perimeter,,,CO_350:0000418,Kernel perimeter measurement - secondary,Measurement,Measure the secondary kernel perimeter.,,,CO_350:0000150,mm,Numerical,2,,,,,,,,,,,,,
,CO_350:0000421,TKPrm_M_mm,,Evaluation in trials,Post-harvest,,,GlobalTrials.network,,,EN,Oat,CO_350:0000139,Kernel perimeter,Morphological trait,The kernel perimeter.,,KPrm,,Oat/groat,Perimeter,,,CO_350:0000420,Kernel perimeter measurement - tertiary,Measurement,Measure the tertiary kernel perimeter.,,,CO_350:0000150,mm,Numerical,2,,,,,,,,,,,,,
,CO_350:0000423,PKwd_M_mm,,Evaluation in trials,Post-harvest,,,GlobalTrials.network,,,EN,Oat,CO_350:0000141,Kernel width,Morphological trait,The kernel width.,,Kwd,,Oat/groat,Width,,,CO_350:0000422,Kernel width measurement - primary,Measurement,Measure the primary kernel width.,,,CO_350:0000150,mm,Numerical,2,,,,,,,,,,,,,
,CO_350:0000425,SKwd_M_mm,,Evaluation in trials,Post-harvest,,,GlobalTrials.network,,,EN,Oat,CO_350:0000141,Kernel width,Morphological trait,The kernel width.,,Kwd,,Oat/groat,Width,,,CO_350:0000424,Kernel width measurement - secondary,Measurement,Measure the secondary kernel width.,,,CO_350:0000150,mm,Numerical,2,,,,,,,,,,,,,
,CO_350:0000427,TKwd_M_mm,,Evaluation in trials,Post-harvest,,,GlobalTrials.network,,,EN,Oat,CO_350:0000141,Kernel width,Morphological trait,The kernel width.,,Kwd,,Oat/groat,Width,,,CO_350:0000426,Kernel width measurement - tertiary,Measurement,Measure the tertiary kernel width.,,,CO_350:0000150,mm,Numerical,2,,,,,,,,,,,,,
,CO_350:0000430,LfWd_M_mm,,Evaluation in trials,From GS11,,,GlobalTrials.network,,,EN,Oat,CO_350:0000428,Leaf width,Morphological trait,The leaf width.,,LfWd,,Leaf,Width,,,CO_350:0000429,Leaf width measurement,Measurement,Measure the leaf width.,,,CO_350:0000150,mm,Numerical,2,,,,,,,,,,,,,
,CO_350:0000432,PGrtAR_M_mm_per_mm,,Evaluation in trials,Post-harvest,,,GlobalTrials.network,,,EN,Oat,CO_350:0000128,Groat aspect ratio,Morphological trait,The groat aspect ratio.,,GrtAR,,Oat/groat,Aspect ratio,,,CO_350:0000431,Groat aspect ratio measurement - primary,Measurement,Measure the primary groat aspect ratio.,,,CO_350:0000151,mm/mm,Numerical,2,,,,,,,,,,,,,
,CO_350:0000434,SGrtAR_C_mm_per_mm,,Evaluation in trials,Post-harvest,,,GlobalTrials.network,,,EN,Oat,CO_350:0000128,Groat aspect ratio,Morphological trait,The groat aspect ratio.,,GrtAR,,Oat/groat,Aspect ratio,,,CO_350:0000433,Groat aspect ratio computation - secondary,Computation,Calculate the secondary groat aspect ratio.,,,CO_350:0000151,mm/mm,Numerical,2,,,,,,,,,,,,,
,CO_350:0000436,TGrtAR_C_mm_per_mm,,Evaluation in trials,Post-harvest,,,GlobalTrials.network,,,EN,Oat,CO_350:0000128,Groat aspect ratio,Morphological trait,The groat aspect ratio.,,GrtAR,,Oat/groat,Aspect ratio,,,CO_350:0000435,Groat aspect ratio computation - tertiary,Computation,Calculate the tertiary groat aspect ratio.,,,CO_350:0000151,mm/mm,Numerical,2,,,,,,,,,,,,,
,CO_350:0000438,PGrtRt_C_mm_per_mm,,Evaluation in trials,Post-harvest,,,GlobalTrials.network,,,EN,Oat,CO_350:0000131,Groat ratio,Morphological trait,The groat ratio.,,GrtRt,,Oat/groat,Ratio,,,CO_350:0000437,Groat ratio computation - primary,Computation,Calculate the primary groat ratio.,,,CO_350:0000151,mm/mm,Numerical,2,,,,,,,,,,,,,
,CO_350:0000440,SGrtRt_C_mm_per_mm,,Evaluation in trials,Post-harvest,,,GlobalTrials.network,,,EN,Oat,CO_350:0000131,Groat ratio,Morphological trait,The groat ratio.,,GrtRt,,Oat/groat,Ratio,,,CO_350:0000439,Groat ratio computation - secondary,Computation,Calculate the secondary groat ratio.,,,CO_350:0000151,mm/mm,Numerical,2,,,,,,,,,,,,,
,CO_350:0000442,TGrtRt_C_mm_per_mm,,Evaluation in trials,Post-harvest,,,GlobalTrials.network,,,EN,Oat,CO_350:0000131,Groat ratio,Morphological trait,The groat ratio.,,GrtRt,,Oat/groat,Ratio,,,CO_350:0000441,Groat ratio computation - tertiary,Computation,Calculate the tertiary groat ratio.,,,CO_350:0000151,mm/mm,Numerical,2,,,,,,,,,,,,,
,CO_350:0000444,PGrtKR_C_mm_per_mm,,Evaluation in trials,Post-harvest,,,GlobalTrials.network,,,EN,Oat,CO_350:0000134,Groat/kernel ratio,Morphological trait,The groat/kernel ratio.,,GrtKR,,Oat/groat,Kernel ratio,,,CO_350:0000443,Groat/kernel ratio computation - primary,Computation,Calculate the primary groat/kernel ratio.,,,CO_350:0000151,mm/mm,Numerical,2,,,,,,,,,,,,,
,CO_350:0000446,SGrtKR_C_mm_per_mm,,Evaluation in trials,Post-harvest,,,GlobalTrials.network,,,EN,Oat,CO_350:0000134,Groat/kernel ratio,Morphological trait,The groat/kernel ratio.,,GrtKR,,Oat/groat,Kernel ratio,,,CO_350:0000445,Groat/kernel ratio computation - secondary,Computation,Calculate the secondary groat/kernel ratio.,,,CO_350:0000151,mm/mm,Numerical,2,,,,,,,,,,,,,
,CO_350:0000448,TGrtKR_C_mm_per_mm,,Evaluation in trials,Post-harvest,,,GlobalTrials.network,,,EN,Oat,CO_350:0000134,Groat/kernel ratio,Morphological trait,The groat/kernel ratio.,,GrtKR,,Oat/groat,Kernel ratio,,,CO_350:0000447,Groat/kernel ratio computation - tertiary,Computation,Calculate the tertiary groat/kernel ratio.,,,CO_350:0000151,mm/mm,Numerical,2,,,,,,,,,,,,,
,CO_350:0000450,PKAR_C_mm_per_mm,,Evaluation in trials,Post-harvest,,,GlobalTrials.network,,,EN,Oat,CO_350:0000136,Kernel aspect ratio,Morphological trait,The kernel aspect ratio.,,KAR,,Oat/groat,Aspect ratio,,,CO_350:0000449,Kernel aspect ratio computation - primary,Computation,Calculate the primary kernel aspect ratio.,,,CO_350:0000151,mm/mm,Numerical,2,,,,,,,,,,,,,
,CO_350:0000452,SKAR_C_mm_per_mm,,Evaluation in trials,Post-harvest,,,GlobalTrials.network,,,EN,Oat,CO_350:0000136,Kernel aspect ratio,Morphological trait,The kernel aspect ratio.,,KAR,,Oat/groat,Aspect ratio,,,CO_350:0000451,Kernel aspect ratio computation - secondary,Computation,Calculate the secondary kernel aspect ratio.,,,CO_350:0000151,mm/mm,Numerical,2,,,,,,,,,,,,,
,CO_350:0000454,TKAR_C_mm_per_mm,,Evaluation in trials,Post-harvest,,,GlobalTrials.network,,,EN,Oat,CO_350:0000136,Kernel aspect ratio,Morphological trait,The kernel aspect ratio.,,KAR,,Oat/groat,Aspect ratio,,,CO_350:0000453,Kernel aspect ratio computation - tertiary,Computation,Calculate the tertiary kernel aspect ratio.,,,CO_350:0000151,mm/mm,Numerical,2,,,,,,,,,,,,,
,CO_350:0000456,PKRt_C_mm_per_mm,,Evaluation in trials,Post-harvest,,,GlobalTrials.network,,,EN,Oat,CO_350:0000140,Kernel ratio,Morphological trait,The kernel ratio.,,KRt,,Oat/groat,Ratio,,,CO_350:0000455,Kernel ratio computation - primary,Computation,Calculate the primary kernel ratio.,,,CO_350:0000151,mm/mm,Numerical,2,,,,,,,,,,,,,
,CO_350:0000458,SKRt_C_mm_per_mm,,Evaluation in trials,Post-harvest,,,GlobalTrials.network,,,EN,Oat,CO_350:0000140,Kernel ratio,Morphological trait,The kernel ratio.,,KRt,,Oat/groat,Ratio,,,CO_350:0000457,Kernel ratio computation - secondary,Computation,Calculate the secondary kernel ratio.,,,CO_350:0000151,mm/mm,Numerical,2,,,,,,,,,,,,,
,CO_350:0000460,TKRt_C_mm_per_mm,,Evaluation in trials,Post-harvest,,,GlobalTrials.network,,,EN,Oat,CO_350:0000140,Kernel ratio,Morphological trait,The kernel ratio.,,KRt,,Oat/groat,Ratio,,,CO_350:0000459,Kernel ratio computation - tertiary,Computation,Calculate the tertiary kernel ratio.,,,CO_350:0000151,mm/mm,Numerical,2,,,,,,,,,,,,,
,CO_350:0000462,PGrtA_M_mm2,,Evaluation in trials,Post-harvest,,,GlobalTrials.network,,,EN,Oat,CO_350:0000127,Groat area,Morphological trait,The groat area.,,GrtA,,Oat/groat,Area,,,CO_350:0000461,Groat area measurement - primary,Measurement,Measure the primary groat area.,,,CO_350:0000152,mm2,Numerical,2,,,,,,,,,,,,,
,CO_350:0000464,SGrtA_M_mm2,,Evaluation in trials,Post-harvest,,,GlobalTrials.network,,,EN,Oat,CO_350:0000127,Groat area,Morphological trait,The groat area.,,GrtA,,Oat/groat,Area,,,CO_350:0000463,Groat area measurement - secondary,Measurement,Measure the secondary groat area.,,,CO_350:0000152,mm2,Numerical,2,,,,,,,,,,,,,
,CO_350:0000466,TGrtA_M_mm2,,Evaluation in trials,Post-harvest,,,GlobalTrials.network,,,EN,Oat,CO_350:0000127,Groat area,Morphological trait,The groat area.,,GrtA,,Oat/groat,Area,,,CO_350:0000465,Groat area measurement - tertiary,Measurement,Measure the tertiary groat area.,,,CO_350:0000152,mm2,Numerical,2,,,,,,,,,,,,,
,CO_350:0000468,PGrtLn_M_mm2,,Evaluation in trials,Post-harvest,,,GlobalTrials.network,,,EN,Oat,CO_350:0000129,Groat length,Morphological trait,The groat length.,,GrtLn,,Oat/groat,Length,,,CO_350:0000467,Groat length measurement - primary,Measurement,Measure the primary groat length.,,,CO_350:0000152,mm2,Numerical,2,,,,,,,,,,,,,
,CO_350:0000470,SGrtLn_M_mm2,,Evaluation in trials,Post-harvest,,,GlobalTrials.network,,,EN,Oat,CO_350:0000129,Groat length,Morphological trait,The groat length.,,GrtLn,,Oat/groat,Length,,,CO_350:0000469,Groat length measurement - secondary,Measurement,Measure the secondary groat length.,,,CO_350:0000152,mm2,Numerical,2,,,,,,,,,,,,,
,CO_350:0000472,TGrtLn_M_mm2,,Evaluation in trials,Post-harvest,,,GlobalTrials.network,,,EN,Oat,CO_350:0000129,Groat length,Morphological trait,The groat length.,,GrtLn,,Oat/groat,Length,,,CO_350:0000471,Groat length measurement - tertiary,Measurement,Measure the tertiary groat length.,,,CO_350:0000152,mm2,Numerical,2,,,,,,,,,,,,,
,CO_350:0000474,PKA_M_mm2,,Evaluation in trials,Post-harvest,,,GlobalTrials.network,,,EN,Oat,CO_350:0000135,Kernel area,Morphological trait,The kernel area.,,KA,,Oat/groat,Area,,,CO_350:0000473,Kernel area measurement - primary,Measurement,Measure the primary kernel area.,,,CO_350:0000152,mm2,Numerical,2,,,,,,,,,,,,,
,CO_350:0000476,SKA_M_mm2,,Evaluation in trials,Post-harvest,,,GlobalTrials.network,,,EN,Oat,CO_350:0000135,Kernel area,Morphological trait,The kernel area.,,KA,,Oat/groat,Area,,,CO_350:0000475,Kernel area measurement - secondary,Measurement,Measure the secondary kernel area.,,,CO_350:0000152,mm2,Numerical,2,,,,,,,,,,,,,
,CO_350:0000478,TKA_M_mm2,,Evaluation in trials,Post-harvest,,,GlobalTrials.network,,,EN,Oat,CO_350:0000135,Kernel area,Morphological trait,The kernel area.,,KA,,Oat/groat,Area,,,CO_350:0000477,Kernel area measurement - tertiary,Measurement,Measure the tertiary kernel area.,,,CO_350:0000152,mm2,Numerical,2,,,,,,,,,,,,,
,CO_350:0000482,LfStmCnd_M_mmol_per_m2s,,Evaluation in trials,From GS11,,,GlobalTrials.network,,,EN,Oat,CO_350:0000479,Leaf stomatal conductance,Physiological traits,The leaf stomatal conductance.,,LfStmCnd,,Leaf,Stomatal conductance,,,CO_350:0000480,Leaf stomatal conductance measurement,Measurement,Measure the leaf stomatal conductance.,,,CO_350:0000481,mmol/m2s,Numerical,2,,,,,,,,,,,,,
,CO_350:0000486,NDVI_M_NDVI,,Evaluation in trials,From GS11,,,GlobalTrials.network,,,EN,Oat,CO_350:0000483,Normalized difference vegetation index,Agronomic trait,Normalized difference vegetation index.,NDVI,NDVI,,Canopy,NDVI,,,CO_350:0000484,Normalized difference vegetation index measurement,Measurement,Use an N-sensor to capture readings as per manual.,,,CO_350:0000485,NDVI,Numerical,2,,,,,,,,,,,,,
,CO_350:0000490,FrtPnNm_M_panicle_per_plant,,Evaluation in trials,From GS59,,,GlobalTrials.network,,,EN,Oat,CO_350:0000487,Fertile panicle number,Physiological traits,The number of fertile panicles per plant.,,FrtPnNm,,Panicle,Panicle number,,,CO_350:0000488,Fertile panicle number measurement,Measurement,Measure the fertile panicle number.,,,CO_350:0000489,panicle/plant,Numerical,0,,,,,,,,,,,,,
,CO_350:0000493,Anthcn_E_percent,,Evaluation in trials,At the event,,,GlobalTrials.network,,,EN,Oat,CO_350:0000491,Anthracnose severity,Biotic stress trait,Anthracnose severity.,,Anthcn,,Leaf,Anthracnose severity,,,CO_350:0000492,Anthracnose severity - Estimation,Estimation,Observe relative or absolute area of plant tissue affected by Anthracnose and record it. Often severity is represented as a proportion or percentage of plant surface affected.,,,CO_350:0000011,percent,Numerical,2,0,100,,,,,,,,,,,
,CO_350:0000496,Blght_E_percent,,Evaluation in trials,At the event,,,GlobalTrials.network,,,EN,Oat,CO_350:0000494,Bacterial blight (halo blight) severity,Biotic stress trait,Bacterial blight (halo blight) severity.,,Blght,,Leaf,Bacterial blight (halo blight) severity,,,CO_350:0000495,Bacterial blight (halo blight) severity - Estimation,Estimation,Observe relative or absolute area of plant tissue affected by Bacterial blight (halo blight) and record it. Often severity is represented as a proportion or percentage of plant surface affected.,,,CO_350:0000011,percent,Numerical,2,0,100,,,,,,,,,,,
,CO_350:0000499,StrpBlght_E_percent,,Evaluation in trials,At the event,,,GlobalTrials.network,,,EN,Oat,CO_350:0000497,Bacterial stripe blight severity,Biotic stress trait,Bacterial stripe blight severity.,,StrpBlght,,Leaf,Bacterial stripe blight severity,,,CO_350:0000498,Bacterial stripe blight severity - Estimation,Estimation,Observe relative or absolute area of plant tissue affected by Bacterial stripe blight and record it. Often severity is represented as a proportion or percentage of plant surface affected.,,,CO_350:0000011,percent,Numerical,2,0,100,,,,,,,,,,,
,CO_350:0000502,Bar_C_percent,,Evaluation in trials,Post-harvest,,,GlobalTrials.network,,,EN,Oat,CO_350:0000500,Barley fraction,Quality trait,Fraction of barley.,,Bar,,Oat/groat,Impurity,,,CO_350:0000501,Barley fraction computation,Computation,Calculate the fraction of barley.,,,CO_350:0000011,percent,Numerical,2,0,100,,,,,,,,,,,
,CO_350:0000505,BYDV_E_percent,,Evaluation in trials,At the event,,,GlobalTrials.network,,,EN,Oat,CO_350:0000503,Barley yellow dwarf virus severity,Biotic stress trait,Barley yellow dwarf virus severity.,,BYDV,,Leaf,Barley yellow dwarf virus severity,,,CO_350:0000504,Barley yellow dwarf virus severity - Estimation,Estimation,Observe relative or absolute area of plant tissue affected by Barley yellow dwarf virus and record it. Often severity is represented as a proportion or percentage of plant surface affected.,,,CO_350:0000011,percent,Numerical,2,0,100,,,,,,,,,,,
,CO_350:0000508,BlckChff_E_percent,,Evaluation in trials,At the event,,,GlobalTrials.network,,,EN,Oat,CO_350:0000506,Black chaff and bacterial streak (stripe) severity,Biotic stress trait,Black chaff and bacterial streak (stripe) severity.,,BlckChff,,Leaf,Black chaff and bacterial streak (stripe) severity,,,CO_350:0000507,Black chaff and bacterial streak (stripe) severity - Estimation,Estimation,Observe relative or absolute area of plant tissue affected by Black chaff and bacterial streak (stripe) and record it. Often severity is represented as a proportion or percentage of plant surface affected.,,,CO_350:0000011,percent,Numerical,2,0,100,,,,,,,,,,,
,CO_350:0000511,Blst_E_percent,,Evaluation in trials,At the event,,,GlobalTrials.network,,,EN,Oat,CO_350:0000509,Blast severity,Biotic stress trait,Blast severity.,,Blst,,Leaf,Blast severity,,,CO_350:0000510,Blast severity - Estimation,Estimation,Observe relative or absolute area of plant tissue affected by Blast and record it. Often severity is represented as a proportion or percentage of plant surface affected.,,,CO_350:0000011,percent,Numerical,2,0,100,,,,,,,,,,,
,CO_350:0000514,CvdSmt_E_percent,,Evaluation in trials,At the event,,,GlobalTrials.network,,,EN,Oat,CO_350:0000512,Covered smut severity,Biotic stress trait,Covered smut severity.,,CvdSmt,,Grain,Covered smut severity,,,CO_350:0000513,Covered smut severity - Estimation,Estimation,Observe relative or absolute area of plant tissue affected by Covered smut and record it. Often severity is represented as a proportion or percentage of plant surface affected.,,,CO_350:0000011,percent,Numerical,2,0,100,,,,,,,,,,,
,CO_350:0000516,CrnRst_E_percent,,Evaluation in trials,At the event,,,GlobalTrials.network,,,EN,Oat,CO_350:0000090,Crown rust severity,Biotic stress trait,Crown rust severity.,,CrnRst,,Leaf,Crown rust severity,,,CO_350:0000515,Crown rust severity - Estimation,Estimation,Observe relative or absolute area of plant tissue affected by Crown rust and record it. Often severity is represented as a proportion or percentage of plant surface affected.,,,CO_350:0000011,percent,Numerical,2,0,100,,,,,,,,,,,
,CO_350:0000519,DisClrGrt_C_percent,,Evaluation in trials,Post-harvest,,,GlobalTrials.network,,,EN,Oat,CO_350:0000517,Discoloured groats fraction,Quality trait,Fraction of discoloured groats.,,DisClrGrt,,Oat/groat,Colour,,,CO_350:0000518,Discoloured groats fraction computation,Computation,Calculate the fraction of colour,,,CO_350:0000011,percent,Numerical,2,0,100,,,,,,,,,,,
,CO_350:0000522,DLA_E_percent,,Evaluation in trials,At the event,,,GlobalTrials.network,,,EN,Oat,CO_350:0000520,Diseased leaf area,Biotic stress trait,The percentage area of a leaf that is diseased.,,DLA,,Leaf,Area,,,CO_350:0000521,Diseased leaf area estimation,Estimation,Estimate the diseased leaf area using keys and/or charts.,,,CO_350:0000011,percent,Numerical,2,0,100,,,,,,,,,,,
,CO_350:0000525,DnyMd_E_percent,,Evaluation in trials,At the event,,,GlobalTrials.network,,,EN,Oat,CO_350:0000523,Downy mildew severity,Biotic stress trait,Downy mildew severity.,,DnyMd,,Leaf,Downy mildew severity,,,CO_350:0000524,Downy mildew severity - Estimation,Estimation,Observe relative or absolute area of plant tissue affected by Downy mildew and record it. Often severity is represented as a proportion or percentage of plant surface affected.,,,CO_350:0000011,percent,Numerical,2,0,100,,,,,,,,,,,
,CO_350:0000528,Ergt_C_percent,,Evaluation in trials,Post-harvest,,,GlobalTrials.network,,,EN,Oat,CO_350:0000526,Ergot fraction,Quality trait,Fraction of ergot infected oats.,,Ergt,,Oat/groat,Ergot,,,CO_350:0000527,Ergot fraction computation,Computation,Calculate the fraction of ergot damaged oats.,,,CO_350:0000011,percent,Numerical,2,0,100,,,,,,,,,,,
,CO_350:0000531,Ergt_E_percent,,Evaluation in trials,At the event,,,GlobalTrials.network,,,EN,Oat,CO_350:0000529,Ergot severity,Biotic stress trait,Ergot severity.,,Ergt,,Grain,Ergot severity,,,CO_350:0000530,Ergot severity - Estimation,Estimation,Observe relative or absolute area of plant tissue affected by Ergot and record it. Often severity is represented as a proportion or percentage of plant surface affected.,,,CO_350:0000011,percent,Numerical,2,0,100,,,,,,,,,,,
,CO_350:0000534,FusFtRt_E_percent,,Evaluation in trials,At the event,,,GlobalTrials.network,,,EN,Oat,CO_350:0000532,Fusarium foot rot severity,Biotic stress trait,Fusarium foot rot severity.,,FusFtRt,,Stem,Fusarium foot rot severity,,,CO_350:0000533,Fusarium foot rot severity - Estimation,Estimation,Observe relative or absolute area of plant tissue affected by Fusarium foot rot and record it. Often severity is represented as a proportion or percentage of plant surface affected.,,,CO_350:0000011,percent,Numerical,2,0,100,,,,,,,,,,,
,CO_350:0000536,MoiCon_C_percent,,Evaluation in trials,From GS71,,,GlobalTrials.network,,,EN,Oat,CO_350:0000120,Grain moisture content,Agronomic trait,Moisture content of grain.,,MoiCon,,Grain,Moisture,,,CO_350:0000535,Oven determined grain moisture content computation,Computation,Calculate the mositure content from fresh and dry grain weight.,,,CO_350:0000011,percent,Numerical,2,0,100,,,,,,,,,,,
,CO_350:0000538,MoiCon_M_percent,,Evaluation in trials,From GS71,,,GlobalTrials.network,,,EN,Oat,CO_350:0000120,Grain moisture content,Agronomic trait,Moisture content of grain.,,MoiCon,,Grain,Moisture,,,CO_350:0000537,NIR grain moisture content measurement,Measurement,Measure the moisture content using NIR moisuture meter.,,,CO_350:0000011,percent,Numerical,2,0,100,,,,,,,,,,,
,CO_350:0000540,MoiCon_M_percent,,Evaluation in trials,From GS71,,,GlobalTrials.network,,,EN,Oat,CO_350:0000120,Grain moisture content,Agronomic trait,Moisture content of grain.,,MoiCon,,Grain,Moisture,,,CO_350:0000539,Electronic grain moisture content measurement,Measurement,Measure the moisture content using electronic moisuture meter.,,,CO_350:0000011,percent,Numerical,2,0,100,,,,,,,,,,,
,CO_350:0000542,MoiCon_M_percent,,Evaluation in trials,From GS71,,,GlobalTrials.network,,,EN,Oat,CO_350:0000120,Grain moisture content,Agronomic trait,Moisture content of grain.,,MoiCon,,Grain,Moisture,,,CO_350:0000541,Wet chemistry grain moisture content measurement,Measurement,Measure the moisture content using wet chemistry techniques.,,,CO_350:0000011,percent,Numerical,2,0,100,,,,,,,,,,,
,CO_350:0000544,GLA_E_percent,,Evaluation in trials,From GS11,,,GlobalTrials.network,,,EN,Oat,CO_350:0000122,Green leaf area,Agronomic trait,The percentage area of a leaf that is green.,,GLA,,Leaf,Area,,,CO_350:0000543,Green leaf area estimation,Estimation,For each leaf record the percentage area of green tissue.,,,CO_350:0000011,percent,Numerical,2,0,100,,,,,,,,,,,
,CO_350:0000547,Grns_C_percent,,Evaluation in trials,Post-harvest,,,GlobalTrials.network,,,EN,Oat,CO_350:0000545,Greens fraction,Quality trait,Fraction of green oats.,,Grns,,Oat/groat,Greenness,,,CO_350:0000546,Greens fraction computation,Computation,Calculate the fraction of green oats.,,,CO_350:0000011,percent,Numerical,2,0,100,,,,,,,,,,,
,CO_350:0000550,GrtYld_C_percent,,Evaluation in trials,Post-harvest,,,GlobalTrials.network,,,EN,Oat,CO_350:0000548,Groating yield,Quality trait,Groating yield.,,GrtYld,,Oat/groat,Yield,,,CO_350:0000549,Groating yield computation,Computation,Calculate the groating yield.,,,CO_350:0000011,percent,Numerical,2,0,100,,,,,,,,,,,
,CO_350:0000553,HI_C_percent,,Evaluation in trials,Post-harvest,,,GlobalTrials.network,,,EN,Oat,CO_350:0000551,Harvest index,Agronomic trait,The harvest index of the grain.,,HI,,Plant,Harves index,,,CO_350:0000552,Harvest index computation,Computation,Calculate the harvest index.,,,CO_350:0000011,percent,Numerical,2,0,100,,,,,,,,,,,
,CO_350:0000556,HdBlght_E_percent,,Evaluation in trials,At the event,,,GlobalTrials.network,,,EN,Oat,CO_350:0000554,Head blight severity,Biotic stress trait,Head blight severity.,,HdBlght,,Panicle,Head blight severity,,,CO_350:0000555,Head blight severity - Estimation,Estimation,Observe relative or absolute area of plant tissue affected by Head blight and record it. Often severity is represented as a proportion or percentage of plant surface affected.,,,CO_350:0000011,percent,Numerical,2,0,100,,,,,,,,,,,
,CO_350:0000559,HtOat_C_percent,,Evaluation in trials,Post-harvest,,,GlobalTrials.network,,,EN,Oat,CO_350:0000557,Heated oats fraction,Quality trait,Fraction of heated oats.,,HtOat,,Oat/groat,Heat damage,,,CO_350:0000558,Heated oats fraction computation,Computation,Calculate the fraction of heat damaged oats.,,,CO_350:0000011,percent,Numerical,2,0,100,,,,,,,,,,,
,CO_350:0000562,Inf_C_percent,,Evaluation in trials,Post-harvest,,,GlobalTrials.network,,,EN,Oat,CO_350:0000560,Infestation fraction,Quality trait,Fraction of infested oats.,,Inf,,Oat/groat,Infestation,,,CO_350:0000561,Infestation fraction computation,Computation,Calculate the fraction of infested oats.,,,CO_350:0000011,percent,Numerical,2,0,100,,,,,,,,,,,
,CO_350:0000564,PKCnt_M_percent,,Evaluation in trials,Post-harvest,,,GlobalTrials.network,,,EN,Oat,CO_350:0000137,Kernel content,Morphological trait,The kernel content.,,KCnt,,Oat/groat,Content,,,CO_350:0000563,Kernel content measurement - primary,Measurement,Measure the primary kernel content.,,,CO_350:0000011,percent,Numerical,2,0,100,,,,,,,,,,,
,CO_350:0000566,SKCnt_M_percent,,Evaluation in trials,Post-harvest,,,GlobalTrials.network,,,EN,Oat,CO_350:0000137,Kernel content,Morphological trait,The kernel content.,,KCnt,,Oat/groat,Content,,,CO_350:0000565,Kernel content measurement - secondary,Measurement,Measure the secondary kernel content.,,,CO_350:0000011,percent,Numerical,2,0,100,,,,,,,,,,,
,CO_350:0000568,TKCnt_M_percent,,Evaluation in trials,Post-harvest,,,GlobalTrials.network,,,EN,Oat,CO_350:0000137,Kernel content,Morphological trait,The kernel content.,,KCnt,,Oat/groat,Content,,,CO_350:0000567,Kernel content measurement - tertiary,Measurement,Measure the tertiary kernel content.,,,CO_350:0000011,percent,Numerical,2,0,100,,,,,,,,,,,
,CO_350:0000571,LfBltch_E_percent,,Evaluation in trials,At the event,,,GlobalTrials.network,,,EN,Oat,CO_350:0000569,Leaf blotch and crown rot severity,Biotic stress trait,Leaf blotch and crown rot severity.,,LfBltch,,Leaf,Leaf blotch and crown rot severity,,,CO_350:0000570,Leaf blotch and crown rot severity - Estimation,Estimation,Observe relative or absolute area of plant tissue affected by Leaf blotch and crown rot and record it. Often severity is represented as a proportion or percentage of plant surface affected.,,,CO_350:0000011,percent,Numerical,2,0,100,,,,,,,,,,,
,CO_350:0000574,LpCnt_M_percent,,Evaluation in trials,Post-harvest,,,GlobalTrials.network,,,EN,Oat,CO_350:0000572,Lipid content,Quality trait,The lipid content of the grain.,,LpCnt,,Oat/groat,Lipid,,,CO_350:0000573,Lipid content measurement,Measurement,Measure the lipid content.,,,CO_350:0000011,percent,Numerical,2,0,100,,,,,,,,,,,
,CO_350:0000577,LsSmt_E_percent,,Evaluation in trials,At the event,,,GlobalTrials.network,,,EN,Oat,CO_350:0000575,Loose smut severity,Biotic stress trait,Loose smut severity.,,LsSmt,,Grain,Loose smut severity,,,CO_350:0000576,Loose smut severity - Estimation,Estimation,Observe relative or absolute area of plant tissue affected by Loose smut and record it. Often severity is represented as a proportion or percentage of plant surface affected.,,,CO_350:0000011,percent,Numerical,2,0,100,,,,,,,,,,,
,CO_350:0000580,NGLA_M_percent,,Evaluation in trials,From GS11,,,GlobalTrials.network,,,EN,Oat,CO_350:0000578,Non-green leaf area,Agronomic trait,The percentage area of a leaf that is not green.,,NGLA,,Leaf,Area,,,CO_350:0000579,Non-green leaf area measurement,Measurement,For each leaf record the percentage area of non-green tissue.,,,CO_350:0000011,percent,Numerical,2,0,100,,,,,,,,,,,
,CO_350:0000583,OBDV_E_percent,,Evaluation in trials,At the event,,,GlobalTrials.network,,,EN,Oat,CO_350:0000581,Oat blue dwarf virus severity,Biotic stress trait,Oat blue dwarf virus severity.,,OBDV,,Leaf,Oat blue dwarf virus severity,,,CO_350:0000582,Oat blue dwarf virus severity - Estimation,Estimation,Observe relative or absolute area of plant tissue affected by Oat blue dwarf virus and record it. Often severity is represented as a proportion or percentage of plant surface affected.,,,CO_350:0000011,percent,Numerical,2,0,100,,,,,,,,,,,
,CO_350:0000586,OMV_E_percent,,Evaluation in trials,At the event,,,GlobalTrials.network,,,EN,Oat,CO_350:0000584,Oat mosaic virus severity,Biotic stress trait,Oat mosaic virus severity.,,OMV,,Leaf,Oat mosaic virus severity,,,CO_350:0000585,Oat mosaic virus severity - Estimation,Estimation,Observe relative or absolute area of plant tissue affected by Oat mosaic virus and record it. Often severity is represented as a proportion or percentage of plant surface affected.,,,CO_350:0000011,percent,Numerical,2,0,100,,,,,,,,,,,
,CO_350:0000589,ONMV_E_percent,,Evaluation in trials,At the event,,,GlobalTrials.network,,,EN,Oat,CO_350:0000587,Oat necrotic mottle virus severity,Biotic stress trait,Oat necrotic mottle virus severity.,,ONMV,,Leaf,Oat necrotic mottle virus severity,,,CO_350:0000588,Oat necrotic mottle virus severity - Estimation,Estimation,Observe relative or absolute area of plant tissue affected by Oat necrotic mottle virus and record it. Often severity is represented as a proportion or percentage of plant surface affected.,,,CO_350:0000011,percent,Numerical,2,0,100,,,,,,,,,,,
,CO_350:0000592,BrkFrt_C_percent,,Evaluation in trials,Post-harvest,,,GlobalTrials.network,,,EN,Oat,CO_350:0000590,Oat/groat breakage fraction,Quality trait,Fraction of oat/groat broken.,,BrkFrt,,Oat/groat,Breakage,,,CO_350:0000591,Oat/groat breakage fraction computation,Computation,Calculate the oat/groat breakage fraction.,,,CO_350:0000011,percent,Numerical,2,0,100,,,,,,,,,,,
,CO_350:0000595,Od_C_percent,,Evaluation in trials,Post-harvest,,,GlobalTrials.network,,,EN,Oat,CO_350:0000593,Odour fraction,Quality trait,Fraction of odour/tainted oats.,,Od,,Oat/groat,Odour,,,CO_350:0000594,Odour fraction computation,Computation,Calculate the fraction of odour/tainted oats.,,,CO_350:0000011,percent,Numerical,2,0,100,,,,,,,,,,,
,CO_350:0000598,PnkMd_E_percent,,Evaluation in trials,At the event,,,GlobalTrials.network,,,EN,Oat,CO_350:0000596,Pink snow mold(Fusarium patch) severity,Biotic stress trait,Pink snow mold(Fusarium patch) severity.,,PnkMd,,Leaf,Pink snow mold(Fusarium patch) severity,,,CO_350:0000597,Pink snow mold(Fusarium patch) severity - Estimation,Estimation,Observe relative or absolute area of plant tissue affected by Pink snow mold(Fusarium patch) and record it. Often severity is represented as a proportion or percentage of plant surface affected.,,,CO_350:0000011,percent,Numerical,2,0,100,,,,,,,,,,,
,CO_350:0000601,PdMd_E_percent,,Evaluation in trials,At the event,,,GlobalTrials.network,,,EN,Oat,CO_350:0000599,Powdery mildew severity,Biotic stress trait,Powdery mildew severity.,,PdMd,,Leaf,Powdery mildew severity,,,CO_350:0000600,Powdery mildew severity - Estimation,Estimation,Observe relative or absolute area of plant tissue affected by Powdery mildew and record it. Often severity is represented as a proportion or percentage of plant surface affected.,,,CO_350:0000011,percent,Numerical,2,0,100,,,,,,,,,,,
,CO_350:0000604,RhzRtRt_E_percent,,Evaluation in trials,At the event,,,GlobalTrials.network,,,EN,Oat,CO_350:0000602,Rhizoctonia root rot severity,Biotic stress trait,Rhizoctonia root rot severity.,,RhzRtRt,,Root,Rhizoctonia root rot severity,,,CO_350:0000603,Rhizoctonia root rot severity - Estimation,Estimation,Observe relative or absolute area of plant tissue affected by Rhizoctonia root rot and record it. Often severity is represented as a proportion or percentage of plant surface affected.,,,CO_350:0000011,percent,Numerical,2,0,100,,,,,,,,,,,
,CO_350:0000607,RtRt_E_percent,,Evaluation in trials,At the event,,,GlobalTrials.network,,,EN,Oat,CO_350:0000605,Root rot severity,Biotic stress trait,Root rot severity.,,RtRt,,Root,Root rot severity,,,CO_350:0000606,Root rot severity - Estimation,Estimation,Observe relative or absolute area of plant tissue affected by Root rot and record it. Often severity is represented as a proportion or percentage of plant surface affected.,,,CO_350:0000011,percent,Numerical,2,0,100,,,,,,,,,,,
,CO_350:0000610,SdBlght_E_percent,,Evaluation in trials,At the event,,,GlobalTrials.network,,,EN,Oat,CO_350:0000608,Seedling blight severity,Biotic stress trait,Seedling blight severity.,,SdBlght,,Grain,Seedling blight severity,,,CO_350:0000609,Seedling blight severity - Estimation,Estimation,Observe relative or absolute area of plant tissue affected by Seedling blight and record it. Often severity is represented as a proportion or percentage of plant surface affected.,,,CO_350:0000011,percent,Numerical,2,0,100,,,,,,,,,,,
,CO_350:0000613,ShpESpt_E_percent,,Evaluation in trials,At the event,,,GlobalTrials.network,,,EN,Oat,CO_350:0000611,Sharp eyespot severity,Biotic stress trait,Sharp eyespot severity.,,ShpESpt,,Stem,Sharp eyespot severity,,,CO_350:0000612,Sharp eyespot severity - Estimation,Estimation,Observe relative or absolute area of plant tissue affected by Sharp eyespot and record it. Often severity is represented as a proportion or percentage of plant surface affected.,,,CO_350:0000011,percent,Numerical,2,0,100,,,,,,,,,,,
,CO_350:0000616,SmGrt_C_percent,,Evaluation in trials,Post-harvest,,,GlobalTrials.network,,,EN,Oat,CO_350:0000614,Small groats fraction,Quality trait,Fraction of small groats.,,SmGrt,,Oat/groat,Size,,,CO_350:0000615,Small groats fraction computation,Computation,Calculate the fraction of groats less than 2 mm.,,,CO_350:0000011,percent,Numerical,2,0,100,,,,,,,,,,,
,CO_350:0000619,SpcBltch_E_percent,,Evaluation in trials,At the event,,,GlobalTrials.network,,,EN,Oat,CO_350:0000617,Speckled blotch (Septoria blight) severity,Biotic stress trait,Speckled blotch (Septoria blight) severity.,,SpcBltch,,Leaf,Speckled blotch (Septoria blight) severity,,,CO_350:0000618,Speckled blotch (Septoria blight) severity - Estimation,Estimation,Observe relative or absolute area of plant tissue affected by Speckled blotch (Septoria blight) and record it. Often severity is represented as a proportion or percentage of plant surface affected.,,,CO_350:0000011,percent,Numerical,2,0,100,,,,,,,,,,,
,CO_350:0000622,SnMd_E_percent,,Evaluation in trials,At the event,,,GlobalTrials.network,,,EN,Oat,CO_350:0000620,Speckled snow mold or gray (Typhula blight) severity,Biotic stress trait,Speckled snow mold or gray (Typhula blight) severity.,,SnMd,,Leaf,Speckled snow mold or gray (Typhula blight) severity,,,CO_350:0000621,Speckled snow mold or gray (Typhula blight) severity - Estimation,Estimation,Observe relative or absolute area of plant tissue affected by Speckled snow mold or gray (Typhula blight) and record it. Often severity is represented as a proportion or percentage of plant surface affected.,,,CO_350:0000011,percent,Numerical,2,0,100,,,,,,,,,,,
,CO_350:0000625,Spr_C_percent,,Evaluation in trials,Post-harvest,,,GlobalTrials.network,,,EN,Oat,CO_350:0000623,Sprouts fraction,Quality trait,Fraction of sprouted oats.,,Spr,,Oat/groat,Sprouts,,,CO_350:0000624,Sprouts fraction computation,Computation,Calculate the fraction of sprouted oats.,,,CO_350:0000011,percent,Numerical,2,0,100,,,,,,,,,,,
,CO_350:0000627,StmRst_E_percent,,Evaluation in trials,At the event,,,GlobalTrials.network,,,EN,Oat,CO_350:0000114,Stem rust severity,Biotic stress trait,Stem rust severity.,,StmRst,,Stem,Stem rust severity,,,CO_350:0000626,Stem rust severity - Estimation,Estimation,Observe relative or absolute area of plant tissue affected by Stem rust and record it. Often severity is represented as a proportion or percentage of plant surface affected.,,,CO_350:0000011,percent,Numerical,2,0,100,,,,,,,,,,,
,CO_350:0000630,TkAll_E_percent,,Evaluation in trials,At the event,,,GlobalTrials.network,,,EN,Oat,CO_350:0000628,Take-all (white head) severity,Biotic stress trait,Take-all (white head) severity.,,TkAll,,Root,Take-all (white head) severity,,,CO_350:0000629,Take-all (white head) severity - Estimation,Estimation,Observe relative or absolute area of plant tissue affected by Take-all (white head) and record it. Often severity is represented as a proportion or percentage of plant surface affected.,,,CO_350:0000011,percent,Numerical,2,0,100,,,,,,,,,,,
,CO_350:0000633,ThnOat_C_percent,,Evaluation in trials,Post-harvest,,,GlobalTrials.network,,,EN,Oat,CO_350:0000631,Thin oats fraction,Quality trait,Fraction of thin oats.,,ThnOat,,Oat/groat,Thickness,,,CO_350:0000632,Thin oats fraction computation,Computation,Calculate the fraction of thin oats.,,,CO_350:0000011,percent,Numerical,2,0,100,,,,,,,,,,,
,CO_350:0000636,VicBlght_E_percent,,Evaluation in trials,At the event,,,GlobalTrials.network,,,EN,Oat,CO_350:0000634,Victoria blight severity,Biotic stress trait,Victoria blight severity.,,VicBlght,,Leaf,Victoria blight severity,,,CO_350:0000635,Victoria blight severity - Estimation,Estimation,Observe relative or absolute area of plant tissue affected by Victoria blight and record it. Often severity is represented as a proportion or percentage of plant surface affected.,,,CO_350:0000011,percent,Numerical,2,0,100,,,,,,,,,,,
,CO_350:0000639,Wht_C_percent,,Evaluation in trials,Post-harvest,,,GlobalTrials.network,,,EN,Oat,CO_350:0000637,Wheat fraction,Quality trait,Fraction of wheat.,,Wht,,Oat/groat,Impurity,,,CO_350:0000638,Wheat fraction computation,Computation,Calculate the fraction of wheat.,,,CO_350:0000011,percent,Numerical,2,0,100,,,,,,,,,,,
,CO_350:0000642,PlntEst_C_plants_per_m,,Evaluation in trials,From GS10,,,GlobalTrials.network,,,EN,Oat,CO_350:0000124,Plant establishment,Agronomic trait,Number of plants.,"Plant establishment, Crop stand, Plant density, Plant population",PlntEst,,Plant,Number,,,CO_350:0000640,Plant number counting,Counting,"Count the number of individual plants along the length of row, and record as the total.",,,CO_350:0000641,plants/m,Numerical,0,,,,,,,,,,,,,
,CO_350:0000645,PlntEst_C_plants_per_m2,,Evaluation in trials,From GS10,,,GlobalTrials.network,,,EN,Oat,CO_350:0000124,Plant establishment,Agronomic trait,Number of plants.,"Plant establishment, Crop stand, Plant density, Plant population",PlntEst,,Plant,Number,,,CO_350:0000643,Plant number counting,Counting,"Count the number of individual plants along the length of row, and record as the total.",,,CO_350:0000644,plants/m2,Numerical,0,,,,,,,,,,,,,
,CO_350:0000646,DONCtn_C_ppm,,Evaluation in trials,Post-harvest,,,Oat Global,,,EN,Oat,CO_350:0000045,Deoxynivalenol concentration,Biochemical trait,Amount of the mycotoxin deoxynivalenol found in the grain after an infection by Fusarium sp.,,DON concentration,,Grain,Deoxynivalenol concentration,,,CO_350:0000046,DON concentration determination,Computation,,,,CO_350:0000047,ppm,Continuous,,0,100,,,,,,,,,,,
,CO_350:0000650,StvrNYld_M_t_N_per_ha,,Evaluation in trials,Post-harvest,,,GlobalTrials.network,,,EN,Oat,CO_350:0000647,Stover N yield,Agronomic trait,The stover N yield.,,StvrNYld,,Non-grain parts,N content,,,CO_350:0000648,Stover N yield measurement,Measurement,Measure the stover n yield.,,,CO_350:0000649,t N/ha,Numerical,2,,,,,,,,,,,,,
,CO_350:0000654,AdjYld_C_t_per_ha,,Evaluation in trials,Post-harvest,,,GlobalTrials.network,,,EN,Oat,CO_350:0000651,Adjusted yield (15% moisture),Agronomic trait,The moisture adjusted yield.,,AdjYld,,Oat/groat,Yield,,,CO_350:0000652,Adjusted yield (15% moisture) computation,Computation,Calculate the adjusted yield (15% moisture).,,,CO_350:0000653,t/ha,Numerical,2,,,,,,,,,,,,,
,CO_350:0000658,StvrYld_M_t_per_ha,,Evaluation in trials,Post-harvest,,,GlobalTrials.network,,,EN,Oat,CO_350:0000655,Stover yield,Agronomic trait,The stover yield.,,StvrYld,,Non-grain parts,Yield,,,CO_350:0000656,Stover yield measurement,Measurement,Measure the stover yield.,,,CO_350:0000657,t/ha,Numerical,2,,,,,,,,,,,,,
,CO_350:0000661,FertTllrNum_C_tiller_per_m,,Evaluation in trials,From GS21,,,GlobalTrials.network,,,EN,Oat,CO_350:0000659,Fertile tiller number,Agronomic trait,Number of fertile tillers.,,FertTllrNum,,Fertile tiller,Number,,,CO_350:0000660,Fertile tiller number counting,Counting,"Count the number of individual fertile tillers along the length of row, and record as the total.",,,CO_350:0000153,tiller/m,Numerical,0,,,,,,,,,,,,,
,CO_350:0000664,InfertTllrNum_C_tiller_per_m,,Evaluation in trials,From GS21,,,GlobalTrials.network,,,EN,Oat,CO_350:0000662,Infertile tiller number,Agronomic trait,Number of infertile tillers.,,InfertTllrNum,,Infertile tiller,Number,,,CO_350:0000663,Infertile tiller number counting,Counting,"Count the number of individual infertile tillers along the length of row, and record as the total.",,,CO_350:0000153,tiller/m,Numerical,0,,,,,,,,,,,,,
,CO_350:0000667,SecTllrNum_C_tiller_per_m,,Evaluation in trials,From GS21,,,GlobalTrials.network,,,EN,Oat,CO_350:0000665,Secondary tiller number,Agronomic trait,Number of secondary tillers.,,SecTllrNum,,Secondary tiller,Number,,,CO_350:0000666,Secondary tiller number counting,Counting,"Count the number of individual secondary tillers along the length of row, and record as the total.",,,CO_350:0000153,tiller/m,Numerical,0,,,,,,,,,,,,,
,CO_350:0000670,TllrNum_C_tiller_per_m,,Evaluation in trials,From GS21,,,GlobalTrials.network,,,EN,Oat,CO_350:0000668,Tiller number,Agronomic trait,Number of tillers.,,TllrNum,,Tiller,Number,,,CO_350:0000669,Tiller number counting,Counting,"Count the number of individual tillers along the length of row, and record as the total.",,,CO_350:0000153,tiller/m,Numerical,0,,,,,,,,,,,,,
,CO_350:0000671,AveCnt_e_ug/g,,Evaluation in trials,Post-harvest,,,Oat Global,,,EN,Oat,CO_350:0000033,Avenanthramide content,Biochemical trait,Avenanthramide content,,,,Groat,Avenanthramide content,,,CO_350:0000034,Avenanthramide content determination,Estimation,,,,CO_350:0000035,ug/g,Continuous,,0,1000,,,,,,,,,,,
,CO_350:0000672,TocophCtn_C_ug/g,,Evaluation in trials,Post-harvest,,,Oat Global,,,EN,Oat,CO_350:0000060,Tocopherol concentration,Biochemical trait,Tocopherol concentration,,,,,Tocopherol concentration,,,CO_350:0000061,No method name found,Computation,,,,CO_350:0000035,ug/g,Continuous,,0,1000,,,,,,,,,,,
,CO_350:0000673,TocotrCtn_C_ug/g,,Evaluation in trials,Post-harvest,,,Oat Global,,,EN,Oat,CO_350:0000057,Tocotrienol concentration,Biochemical trait,Tocotrienol concentration,,,,,Tocotrienol concentration,,,CO_350:0000058,No method name found,Computation,,,,CO_350:0000035,ug/g,Continuous,,0,1000,,,,,,,,,,,
,CO_350:0000676,EmDate_E_yyyymmdd,,Evaluation in trials,GS10,,,GlobalTrials.network,,,EN,Oat,CO_350:0000674,Emergence time,Phenological trait,The time when plant emerges.,,EmDate,,Plant,Growth stage,,,CO_350:0000675,Emergence date estimation,Estimation,Estimate the date of emergence using keys and/or charts.,,,CO_350:0000154,yyyymmdd,Date,,,,,,,,,,,,,,
,CO_350:0000679,NdDate_E_yyyymmdd,,Evaluation in trials,GS31,,,GlobalTrials.network,,,EN,Oat,CO_350:0000677,First node time,Phenological trait,The time when the first node is detectable.,,NdDate,,Plant,Growth stage,,,CO_350:0000678,First node date estimation,Estimation,Estimate the date when the first node is detectible using keys and/or charts.,,,CO_350:0000154,yyyymmdd,Date,,,,,,,,,,,,,,
,CO_350:0000682,FlwDate_E_yyyymmdd,,Evaluation in trials,GS61,,,GlobalTrials.network,,,EN,Oat,CO_350:0000680,Flowering time,Phenological trait,The time when flowering occurs,,FlwDate,,Plant,Growth stage,,,CO_350:0000681,Flowering date estimation,Estimation,Estimate the calendar date of beginning of flowering using keys and/or charts.,,,CO_350:0000154,yyyymmdd,Date,,,,,,,,,,,,,,
,CO_350:0000685,FlgDate_E_yyyymmdd,,Evaluation in trials,GS39,,,GlobalTrials.network,,,EN,Oat,CO_350:0000683,Full flag leaf emergence time,Phenological trait,The time when the flag leaf has fully emerged.,,FlgDate,,Plant,Growth stage,,,CO_350:0000684,Full flag leaf emergence date estimation,Estimation,Estimate the date the flag leaf has fully emerged using keys and/or charts.,,,CO_350:0000154,yyyymmdd,Date,,,,,,,,,,,,,,
,CO_350:0000689,GS_E_Zadoks,,Evaluation in trials,At the event,,,GlobalTrials.network,,,EN,Oat,CO_350:0000686,Growth stage,Phenological trait,Growth/developmental stages based on Zadoks decimal code.,,GS,,Plant,Growth stage,,,CO_350:0000687,Growth stage estimation,Estimation,Estimate the growth stage using keys and/or charts.,,,CO_350:0000688,Zadoks,Nominal,0,,,,,,,,,,,,,
,CO_350:0000692,PGrtRd_E_,,Evaluation in trials,Post-harvest,,,GlobalTrials.network,,,EN,Oat,CO_350:0000132,Groat roundness,Morphological trait,The groat roundness.,,GrtRd,,Oat/groat,Roundness,,,CO_350:0000690,Groat roundness estimation - primary,Estimation,Measure the primary groat roundness.,,,CO_350:0000691,unkwown,Numerical,,,,,,,,,,,,,,
,CO_350:0000695,SGrtRd_E_,,Evaluation in trials,Post-harvest,,,GlobalTrials.network,,,EN,Oat,CO_350:0000132,Groat roundness,Morphological trait,The groat roundness.,,GrtRd,,Oat/groat,Roundness,,,CO_350:0000693,Groat roundness estimation - secondary,Estimation,Measure the secondary groat roundness.,,,CO_350:0000694,unkwown,Numerical,,,,,,,,,,,,,,
,CO_350:0000698,TGrtRd_E_,,Evaluation in trials,Post-harvest,,,GlobalTrials.network,,,EN,Oat,CO_350:0000132,Groat roundness,Morphological trait,The groat roundness.,,GrtRd,,Oat/groat,Roundness,,,CO_350:0000696,Groat roundness estimation - tertiary,Estimation,Measure the tertiary groat roundness.,,,CO_350:0000697,unkwown,Numerical,,,,,,,,,,,,,,
,CO_350:0000702,InSFbr_M_,,Evaluation in trials,Post-harvest,,,GlobalTrials.network,,,EN,Oat,CO_350:0000699,Insoluable fibre,Quality trait,The insoluable fibre.,,InSFbr,,Plant,Fibre,,,CO_350:0000700,Insoluable fibre measurement,Measurement,Measure the insoluable fibre.,,,CO_350:0000701,unkwown,Numerical,,,,,,,,,,,,,,
,CO_350:0000706,SFbr_M_,,Evaluation in trials,Post-harvest,,,GlobalTrials.network,,,EN,Oat,CO_350:0000703,Soluable fibre,Quality trait,The soluable fibre.,,SFbr,,Plant,Fibre,,,CO_350:0000704,Soluable fibre measurement,Measurement,Measure the soluable fibre.,,,CO_350:0000705,unkwown,Numerical,,,,,,,,,,,,,,
,CO_350:0000710,SpecWgtClss_E_,,Evaluation in trials,Post-harvest,,,GlobalTrials.network,,,EN,Oat,CO_350:0000707,Specific weight class,Quality trait,The specific weight class.,,SpecWgtClss,,Oat/groat,Specific weight,,,CO_350:0000708,Specific weight class estimation,Estimation,Estimate the specific weight class.,,,CO_350:0000709,unkwown,Numerical,,,,,,,,,,,,,,